Timestamp,cTL- Weekly Changes - SAT - AHU7,NE01_AHU7_CO2_POLL_TL,NE01_AHU7_HC_SAT_COV_TL,NE01_AHU7_DSP_AVG_AV_POLL_TL,NE01_AHU1_RM107_SAT_POLL_TL,AC306A_CLG_COV_TL
2022-01-16 00:07:00,,438.095245,,6.91015434,,
2022-01-16 00:10:00,,,,,25.9674454,
2022-01-16 00:22:00,,441.671478,,5.55690765,,
2022-01-16 00:25:00,,,,,26.287468,
2022-01-16 00:37:00,,442.490875,,6.14674377,,
2022-01-16 00:40:00,,,,,26.3886929,
2022-01-16 00:52:00,,446.398071,,5.8899374,,
2022-01-16 00:55:00,,,,,26.5141411,
2022-01-16 01:07:00,,446.398071,,5.27618313,,
2022-01-16 01:10:00,,,,,26.5139446,
2022-01-16 01:22:00,,446.398071,,5.36195469,,
2022-01-16 01:25:00,,,,,26.8605499,
2022-01-16 01:37:00,,446.398071,,5.36760998,,
2022-01-16 01:40:00,,,,,26.8855305,
2022-01-16 01:52:00,,450.305267,,5.86318636,,
2022-01-16 01:55:00,,,,,26.8735905,
2022-01-16 02:07:00,,451.770447,,5.76495457,,
2022-01-16 02:10:00,,,,,26.8378468,
2022-01-16 02:22:00,,447.863251,,7.36237431,,
2022-01-16 02:25:00,,,,,26.9800262,
2022-01-16 02:37:00,,444.444458,,8.11798286,,
2022-01-16 02:40:00,,,,,27.1215286,
2022-01-16 02:52:00,,440.537262,,6.55073738,,
2022-01-16 02:55:00,,,,,27.030899,
2022-01-16 03:07:00,,440.537262,,3.91059041,,
2022-01-16 03:10:00,,,,,26.9597645,
2022-01-16 03:22:00,,440.537262,,6.24491024,,
2022-01-16 03:25:00,,,,,27.0173111,
2022-01-16 03:37:00,,440.537262,,7.30644941,,
2022-01-16 03:40:00,,,,,27.1825352,
2022-01-16 03:52:00,,444.444458,,4.43300676,,
2022-01-16 03:55:00,,,,,27.2473583,
2022-01-16 04:07:00,,448.351685,,5.16293478,,
2022-01-16 04:10:00,,,,,27.0073929,
2022-01-16 04:22:00,,452.258881,,7.49431753,,
2022-01-16 04:25:00,,,,,27.0121899,
2022-01-16 04:37:00,,448.351685,,6.69939232,,
2022-01-16 04:40:00,,,,,27.1140022,
2022-01-16 04:40:48,,,18.6683121,,,
2022-01-16 04:40:57,,,17.6593227,,,
2022-01-16 04:41:05,,,16.6589108,,,
2022-01-16 04:41:15,,,15.6573467,,,
2022-01-16 04:41:28,,,14.6343107,,,
2022-01-16 04:42:21,,,15.652072,,,
2022-01-16 04:42:27,,,16.6775188,,,
2022-01-16 04:42:32,,,17.6790237,,,
2022-01-16 04:42:38,,,18.7475147,,,
2022-01-16 04:42:43,,,19.752264,,,
2022-01-16 04:42:49,,,20.7883396,,,
2022-01-16 04:42:56,,,21.8307343,,,
2022-01-16 04:43:04,,,22.8580647,,,
2022-01-16 04:43:15,,,23.8678684,,,
2022-01-16 04:43:49,,,24.8774395,,,
2022-01-16 04:44:34,,,23.8712692,,,
2022-01-16 04:44:55,,,22.8595829,,,
2022-01-16 04:45:14,,,21.8505859,,,
2022-01-16 04:45:45,,,20.8452435,,,
2022-01-16 04:46:46,,,21.8515034,,,
2022-01-16 04:47:15,,,22.8519745,,,
2022-01-16 04:52:00,,444.444458,,271.516479,,
2022-01-16 04:54:19,,,23.8537426,,,
2022-01-16 04:55:00,,,,,27.271204,
2022-01-16 05:01:46,,,24.8560658,,,
2022-01-16 05:07:00,,444.444458,,244.739456,,
2022-01-16 05:09:00,,,25.8581467,,,
2022-01-16 05:10:00,,,,,27.4247704,
2022-01-16 05:14:31,,,26.8585796,,,
2022-01-16 05:22:00,,452.258881,,213.890945,,
2022-01-16 05:25:00,,,,,27.1549683,
2022-01-16 05:30:15,,,27.8620911,,,
2022-01-16 05:37:00,,448.351685,,184.50528,,
2022-01-16 05:40:00,,,,,26.8575954,
2022-01-16 05:51:37,,,,,,1.0
2022-01-16 05:52:00,,444.444458,,172.463089,,
2022-01-16 05:55:00,,,,,26.6814175,
2022-01-16 06:00:40,,,,,,0.0
2022-01-16 06:07:00,,449.816833,,186.34494,,
2022-01-16 06:10:00,,,,,32.2100677,
2022-01-16 06:22:00,,445.909637,,200.782547,,
2022-01-16 06:25:00,,,,,34.0284805,
2022-01-16 06:32:29,,,26.8567905,,,
2022-01-16 06:32:52,,,25.8517761,,,
2022-01-16 06:33:19,,,24.847744,,,
2022-01-16 06:33:52,,,23.8416443,,,
2022-01-16 06:34:35,,,22.8333225,,,
2022-01-16 06:37:00,,449.816833,,186.893417,,
2022-01-16 06:40:00,,,,,33.9068718,
2022-01-16 06:40:47,,,21.8289795,,,
2022-01-16 06:47:02,,,20.8222637,,,
2022-01-16 06:52:00,,450.305267,,193.188278,,
2022-01-16 06:55:00,,,,,34.5282135,
2022-01-16 07:07:00,,450.305267,,187.619415,,
2022-01-16 07:09:33,,,,,,1.0
2022-01-16 07:10:00,,,,,34.8255844,
2022-01-16 07:20:06,,,,,,0.0
2022-01-16 07:22:00,,454.212463,,190.641724,,
2022-01-16 07:24:22,,,19.8204918,,,
2022-01-16 07:25:00,,,,,35.0683174,
2022-01-16 07:33:19,,,18.8158455,,,
2022-01-16 07:37:00,,454.212463,,172.636124,,
2022-01-16 07:40:00,,,,,35.4753418,
2022-01-16 07:52:00,,450.305267,,175.250504,,
2022-01-16 07:55:00,,,,,34.7043419,
2022-01-16 08:07:00,,454.212463,,167.521927,,
2022-01-16 08:10:00,,,,,35.4973373,
2022-01-16 08:22:00,,450.305267,,160.946259,,
2022-01-16 08:25:00,,,,,37.9378014,
2022-01-16 08:37:00,,450.305267,,177.131653,,
2022-01-16 08:40:00,,,,,37.4608421,
2022-01-16 08:45:58,,,,,,1.0
2022-01-16 08:51:57,,,,,,0.0
2022-01-16 08:52:00,,450.305267,,158.782242,,
2022-01-16 08:55:00,,,,,35.1933327,
2022-01-16 09:07:00,,450.305267,,177.138229,,
2022-01-16 09:10:00,,,,,34.9478531,
2022-01-16 09:22:00,,446.398071,,167.424911,,
2022-01-16 09:25:00,,,,,35.8229408,
2022-01-16 09:34:17,,,19.8170338,,,
2022-01-16 09:37:00,,446.398071,,177.108917,,
2022-01-16 09:40:00,,,,,35.1361732,
2022-01-16 09:45:46,,,20.8222637,,,
2022-01-16 09:52:00,,446.398071,,179.480728,,
2022-01-16 09:55:00,,,,,34.3775482,
2022-01-16 10:04:52,,,21.8235302,,,
2022-01-16 10:06:55,,,22.8301773,,,
2022-01-16 10:07:00,,450.305267,,183.755173,,
2022-01-16 10:10:00,,,,,35.5182381,
2022-01-16 10:17:02,,,,,,1.0
2022-01-16 10:22:00,,450.79364,,177.125397,,
2022-01-16 10:22:42,,,,,,0.0
2022-01-16 10:25:00,,,,,35.3842621,
2022-01-16 10:34:41,,,21.8235798,,,
2022-01-16 10:37:00,,450.305267,,173.807938,,
2022-01-16 10:40:00,,,,,34.436882,
2022-01-16 10:52:00,,450.305267,,176.267868,,
2022-01-16 10:55:00,,,,,35.1728363,
2022-01-16 11:07:00,,454.212463,,169.298141,,
2022-01-16 11:10:00,,,,,35.1574364,
2022-01-16 11:20:12,,,22.8267593,,,
2022-01-16 11:22:00,,454.212463,,183.087799,,
2022-01-16 11:25:00,,,,,34.9689713,
2022-01-16 11:25:52,,,21.8230038,,,
2022-01-16 11:33:52,,,20.8222637,,,
2022-01-16 11:36:22,,,,,,1.0
2022-01-16 11:37:00,,454.212463,,167.144455,,
2022-01-16 11:40:00,,,,,34.595192,
2022-01-16 11:42:52,,,,,,0.0
2022-01-16 11:52:00,,459.584869,,174.050171,,
2022-01-16 11:53:47,,,21.827219,,,
2022-01-16 11:55:00,,,,,35.7135544,
2022-01-16 12:07:00,,460.073273,,176.785522,,
2022-01-16 12:10:00,,,,,34.9300652,
2022-01-16 12:22:00,,452.258881,,152.563065,,
2022-01-16 12:25:00,,,,,34.5141602,
2022-01-16 12:37:00,,452.258881,,126.176949,,
2022-01-16 12:40:00,,,,,34.5283699,
2022-01-16 12:52:00,,452.258881,,157.366684,,
2022-01-16 12:55:00,,,,,35.8889389,
2022-01-16 12:59:08,,,,,,1.0
2022-01-16 13:05:24,,,,,,0.0
2022-01-16 13:07:00,,448.351685,,181.838882,,
2022-01-16 13:10:00,,,,,34.9785309,
2022-01-16 13:22:00,,444.444458,,167.204498,,
2022-01-16 13:25:00,,,,,34.5436707,
2022-01-16 13:37:00,,444.444458,,173.969894,,
2022-01-16 13:40:00,,,,,34.6507874,
2022-01-16 13:52:00,,448.351685,,164.669662,,
2022-01-16 13:55:00,,,,,35.8383408,
2022-01-16 14:07:00,,444.444458,,167.137466,,
2022-01-16 14:10:00,,,,,35.065258,
2022-01-16 14:19:56,,,,,,1.0
2022-01-16 14:22:00,,444.932831,,168.510422,,
2022-01-16 14:25:00,,,,,34.5436707,
2022-01-16 14:26:15,,,,,,0.0
2022-01-16 14:37:00,,444.932831,,176.542908,,
2022-01-16 14:40:00,,,,,35.4108315,
2022-01-16 14:52:00,,444.444458,,174.583664,,
2022-01-16 14:55:00,,,,,35.6559868,
2022-01-16 15:07:00,,444.444458,,170.161118,,
2022-01-16 15:10:00,,,,,34.8218727,
2022-01-16 15:22:00,,444.444458,,173.323334,,
2022-01-16 15:25:00,,,,,34.3287354,
2022-01-16 15:36:38,,,,,,1.0
2022-01-16 15:37:00,,448.351685,,177.803711,,
2022-01-16 15:38:00,,,22.8333225,,,
2022-01-16 15:38:57,,,23.83885,,,
2022-01-16 15:40:00,,,,,35.3961411,
2022-01-16 15:42:58,,,,,,0.0
2022-01-16 15:45:27,,,22.8333225,,,
2022-01-16 15:52:00,,446.398071,,165.920074,,
2022-01-16 15:55:00,,,,,35.211338,
2022-01-16 16:07:00,,446.398071,,167.351517,,
2022-01-16 16:10:00,,,,,34.9506721,
2022-01-16 16:15:49,,,21.8303585,,,
2022-01-16 16:22:00,,446.398071,,171.159027,,
2022-01-16 16:25:00,,,,,34.51791,
2022-01-16 16:35:30,,,22.8344727,,,
2022-01-16 16:37:00,,446.398071,,175.882126,,
2022-01-16 16:40:00,,,,,35.2926559,
2022-01-16 16:52:00,,446.398071,,168.75058,,
2022-01-16 16:55:00,,,,,35.0301437,
2022-01-16 16:55:02,,,,,,1.0
2022-01-16 17:01:29,,,,,,0.0
2022-01-16 17:07:00,,450.305267,,168.274216,,
2022-01-16 17:08:10,,,21.8277912,,,
2022-01-16 17:10:00,,,,,34.2345543,
2022-01-16 17:22:00,,450.305267,,180.248428,,
2022-01-16 17:25:00,,,,,34.9043045,
2022-01-16 17:25:04,,,22.8333225,,,
2022-01-16 17:35:00,,,,,,1.0
2022-01-16 17:37:00,,454.212463,,171.714035,,
2022-01-16 17:40:00,,,,,35.8014793,
2022-01-16 17:41:08,,,,,,0.0
2022-01-16 17:52:00,,450.305267,,166.912079,,
2022-01-16 17:55:00,,,,,34.2345543,
2022-01-16 18:04:27,,,21.8277912,,,
2022-01-16 18:07:00,,451.282074,,173.034988,,
2022-01-16 18:10:00,,,,,34.0890007,
2022-01-16 18:22:00,,453.235687,,166.914642,,
2022-01-16 18:25:00,,,,,35.2828369,
2022-01-16 18:37:00,,456.166077,,168.400833,,
2022-01-16 18:40:00,,,,,34.9884911,
2022-01-16 18:47:15,,,,,,1.0
2022-01-16 18:52:00,,456.166077,,164.251434,,
2022-01-16 18:54:02,,,,,,0.0
2022-01-16 18:55:00,,,,,34.7445946,
2022-01-16 19:07:00,,460.073273,,134.690796,,
2022-01-16 19:10:00,,,,,34.5649376,
2022-01-16 19:22:00,,460.073273,,155.369751,,
2022-01-16 19:25:00,,,,,35.5083389,
2022-01-16 19:37:00,,435.164825,,125.529816,,
2022-01-16 19:40:00,,,,,34.799015,
2022-01-16 19:52:00,,430.280823,,111.639923,,
2022-01-16 19:55:00,,,,,34.3960762,
2022-01-16 20:01:57,,,,,,1.0
2022-01-16 20:07:00,,434.676453,,132.403687,,
2022-01-16 20:08:22,,,,,,0.0
2022-01-16 20:10:00,,,,,34.3375931,
2022-01-16 20:22:00,,434.676453,,128.699783,,
2022-01-16 20:25:00,,,,,34.9620705,
2022-01-16 20:31:10,,,22.8286896,,,
2022-01-16 20:37:00,,434.676453,,6.588727,,
2022-01-16 20:40:00,,,,,34.6209488,
2022-01-16 20:46:20,,,21.8277912,,,
2022-01-16 20:52:00,,438.583649,,6.59594917,,
2022-01-16 20:55:00,,,,,34.414875,
2022-01-16 21:07:00,,438.583649,,5.00140095,,
2022-01-16 21:10:00,,,,,34.1881905,
2022-01-16 21:13:00,,,,,,1.0
2022-01-16 21:17:33,,,,,,0.0
2022-01-16 21:22:00,,442.002441,,5.71148157,,
2022-01-16 21:25:00,,,,,35.429142,
2022-01-16 21:36:07,,,20.8222637,,,
2022-01-16 21:37:00,,442.002441,,6.99767208,,
2022-01-16 21:40:00,,,,,34.2083855,
2022-01-16 21:52:00,,442.002441,,7.39472723,,
2022-01-16 21:55:00,,,,,34.3202209,
2022-01-16 22:07:00,,446.398071,,7.62714481,,
2022-01-16 22:10:00,,,,,35.429554,
2022-01-16 22:22:00,,446.398071,,5.55748129,,
2022-01-16 22:26:00,,,,,29.9553967,
2022-01-16 22:37:00,,450.305267,,5.64522362,,
2022-01-16 22:41:00,,,,,27.6652298,
2022-01-16 22:48:53,,,19.8174458,,,
2022-01-16 22:52:00,,462.026886,,6.74622536,,
2022-01-16 22:56:00,,,,,26.5127316,
2022-01-16 23:07:00,,458.11969,,7.48674536,,
2022-01-16 23:11:00,,,,,25.8657322,
2022-01-16 23:22:00,,473.748505,,4.14118719,,
2022-01-16 23:26:00,,,,,25.6818924,
2022-01-16 23:37:00,,465.934082,,6.20678282,,
2022-01-16 23:41:00,,,,,25.6434879,
2022-01-16 23:52:00,,462.026886,,6.60607862,,
2022-01-16 23:56:00,,,,,25.5444336,
2022-01-17 00:07:00,,473.748505,,5.40315771,,
2022-01-17 00:11:00,,,,,25.6725655,
2022-01-17 00:22:00,,469.841278,,5.81162119,,
2022-01-17 00:26:00,,,,,26.5139446,
2022-01-17 00:37:00,,465.934082,,6.04338217,,
2022-01-17 00:41:00,,,,,26.4154758,
2022-01-17 00:52:00,,454.212463,,5.8020649,,
2022-01-17 00:56:00,,,,,26.3416233,
2022-01-17 01:07:00,,450.305267,,6.61049032,,
2022-01-17 01:08:52,,,,,,1.0
2022-01-17 01:11:00,,,,,26.3416233,
2022-01-17 01:20:13,,,,,,0.0
2022-01-17 01:22:00,,458.11969,,6.32036829,,
2022-01-17 01:26:00,,,,,26.3317776,
2022-01-17 01:37:00,,446.398071,,5.29382324,,
2022-01-17 01:41:00,,,,,26.59342,
2022-01-17 01:52:00,,438.583649,,6.05809259,,
2022-01-17 01:56:00,,,,,26.8061104,
2022-01-17 02:07:00,,439.239166,,5.5089345,,
2022-01-17 02:11:00,,,,,26.9570465,
2022-01-17 02:22:00,,426.862061,,5.64301109,,
2022-01-17 02:26:00,,,,,26.5929546,
2022-01-17 02:37:00,,426.862061,,4.81251097,,
2022-01-17 02:41:00,,,,,26.5625057,
2022-01-17 02:52:00,,438.583649,,5.80078506,,
2022-01-17 02:56:00,,,,,26.6665688,
2022-01-17 03:07:00,,434.647614,,5.23229361,,
2022-01-17 03:11:00,,,,,26.7672005,
2022-01-17 03:22:00,,427.350433,,7.73445082,,
2022-01-17 03:26:00,,,,,26.9324322,
2022-01-17 03:37:00,,422.954834,,7.42299938,,
2022-01-17 03:41:00,,,,,26.9243336,
2022-01-17 03:52:00,,420.024445,,5.29678488,,
2022-01-17 03:56:00,,,,,27.0870247,
2022-01-17 04:00:49,,,18.775135,,,
2022-01-17 04:00:56,,,17.7701035,,,
2022-01-17 04:01:04,,,16.7449989,,,
2022-01-17 04:01:14,,,15.7093687,,,
2022-01-17 04:01:27,,,14.7051277,,,
2022-01-17 04:02:20,,,15.7548685,,,
2022-01-17 04:02:26,,,16.7672462,,,
2022-01-17 04:02:31,,,17.7930679,,,
2022-01-17 04:02:37,,,18.8629475,,,
2022-01-17 04:02:43,,,19.8907852,,,
2022-01-17 04:02:49,,,20.9419727,,,
2022-01-17 04:02:57,,,21.9762249,,,
2022-01-17 04:03:07,,,22.9888783,,,
2022-01-17 04:03:30,,,23.9920769,,,
2022-01-17 04:04:40,,,22.9801941,,,
2022-01-17 04:05:00,,,21.9583988,,,
2022-01-17 04:05:21,,,20.9572468,,,
2022-01-17 04:06:45,,,21.9607925,,,
2022-01-17 04:07:00,,431.210175,,250.059555,,
2022-01-17 04:07:23,,,22.9616451,,,
2022-01-17 04:11:00,,,,,27.1047516,
2022-01-17 04:16:34,,,23.9628868,,,
2022-01-17 04:22:00,,436.240601,,255.860809,,
2022-01-17 04:23:29,,,24.9673996,,,
2022-01-17 04:26:00,,,,,27.0505924,
2022-01-17 04:29:01,,,25.9723682,,,
2022-01-17 04:36:02,,,26.9789085,,,
2022-01-17 04:37:00,,439.072052,,223.106598,,
2022-01-17 04:41:00,,,,,26.9846191,
2022-01-17 04:46:45,,,27.9805317,,,
2022-01-17 04:52:00,,439.560455,,196.259155,,
2022-01-17 04:56:00,,,,,26.8831997,
2022-01-17 05:07:00,,431.257629,,161.556763,,
2022-01-17 05:11:00,,,,,26.753952,
2022-01-17 05:22:00,,439.072052,,164.39679,,
2022-01-17 05:26:00,,,,,26.9924965,
2022-01-17 05:37:00,,439.072052,,203.867477,,
2022-01-17 05:41:00,,,,,27.2327576,
2022-01-17 05:52:00,,435.164825,,191.554077,,
2022-01-17 05:56:00,,,,,27.0100346,
2022-01-17 06:01:50,,,26.9696465,,,
2022-01-17 06:02:13,,,25.9524155,,,
2022-01-17 06:02:39,,,24.9451447,,,
2022-01-17 06:03:09,,,23.9323101,,,
2022-01-17 06:03:46,,,22.9278259,,,
2022-01-17 06:06:16,,,21.9254742,,,
2022-01-17 06:07:00,,442.979248,,190.763901,,
2022-01-17 06:08:38,,,20.9180279,,,
2022-01-17 06:11:00,,,,,32.3520546,
2022-01-17 06:22:00,,447.827209,,189.960022,,
2022-01-17 06:26:00,,,,,33.2633209,
2022-01-17 06:29:59,,,,,,1.0
2022-01-17 06:37:00,,451.770447,,200.812851,,
2022-01-17 06:37:09,,,,,,0.0
2022-01-17 06:41:00,,,,,34.4921532,
2022-01-17 06:41:34,,,19.9155102,,,
2022-01-17 06:52:00,,455.677643,,176.221741,,
2022-01-17 06:56:00,,,,,35.6093445,
2022-01-17 06:57:32,,,18.9112358,,,
2022-01-17 07:07:00,,476.19046,,175.134842,,
2022-01-17 07:11:00,,,,,35.3185921,
2022-01-17 07:22:00,,501.098907,,158.031906,,
2022-01-17 07:26:00,,,,,34.6036224,
2022-01-17 07:37:00,,516.727722,,180.548889,,
2022-01-17 07:41:00,,,,,35.7228394,
2022-01-17 07:52:00,,532.356567,,158.50238,,
2022-01-17 07:56:00,,,,,35.5431633,
2022-01-17 08:07:00,,551.892578,,178.425293,,
2022-01-17 08:11:00,,,,,34.9735489,
2022-01-17 08:11:11,,,,,,1.0
2022-01-17 08:16:35,,,,,,0.0
2022-01-17 08:22:00,,564.102539,,153.196686,,
2022-01-17 08:26:00,,,,,34.4519691,
2022-01-17 08:28:31,,,19.9136086,,,
2022-01-17 08:30:36,,,20.9180279,,,
2022-01-17 08:33:50,,,21.920536,,,
2022-01-17 08:37:00,,568.009766,,134.508041,,
2022-01-17 08:38:44,,,22.9290867,,,
2022-01-17 08:41:00,,,,,36.097126,
2022-01-17 08:43:24,,,23.9327011,,,
2022-01-17 08:45:10,,,24.9401474,,,
2022-01-17 08:52:00,,583.63855,,133.960861,,
2022-01-17 08:56:00,,,,,35.1934853,
2022-01-17 09:07:00,,587.057373,,117.472,,
2022-01-17 09:11:00,,,,,34.8648872,
2022-01-17 09:11:08,,,23.9358044,,,
2022-01-17 09:22:00,,594.871826,,125.118446,,
2022-01-17 09:26:00,,,,,35.2729378,
2022-01-17 09:34:24,,,24.9401474,,,
2022-01-17 09:37:00,,602.686218,,131.310623,,
2022-01-17 09:41:00,,,,,35.4925041,
2022-01-17 09:41:11,,,25.9532337,,,
2022-01-17 09:41:33,,,26.9549751,,,
2022-01-17 09:41:47,,,27.9632645,,,
2022-01-17 09:42:29,,,28.9705486,,,
2022-01-17 09:43:21,,,27.9690323,,,
2022-01-17 09:44:03,,,26.9622498,,,
2022-01-17 09:52:00,,610.50061,,157.912781,,
2022-01-17 09:56:00,,,,,34.971283,
2022-01-17 09:56:23,,,25.9546452,,,
2022-01-17 10:00:38,,,24.9538994,,,
2022-01-17 10:02:29,,,23.9514732,,,
2022-01-17 10:02:37,,,,,,1.0
2022-01-17 10:07:00,,614.896179,,186.295303,,
2022-01-17 10:07:12,,,22.9415722,,,
2022-01-17 10:07:52,,,,,,0.0
2022-01-17 10:11:00,,,,,34.6467094,
2022-01-17 10:22:00,,614.886719,,174.287827,,
2022-01-17 10:26:00,,,,,34.7588158,
2022-01-17 10:32:48,,,21.938879,,,
2022-01-17 10:37:00,,622.710632,,177.1642,,
2022-01-17 10:41:00,,,,,35.56884,
2022-01-17 10:42:47,,,20.9371796,,,
2022-01-17 10:50:22,,,,,,1.0
2022-01-17 10:52:00,,622.710632,,185.154968,,
2022-01-17 10:55:37,,,,,,0.0
2022-01-17 10:56:00,,,,,34.9413986,
2022-01-17 11:07:00,,613.919373,,180.298538,,
2022-01-17 11:11:00,,,,,34.7849884,
2022-01-17 11:22:00,,606.10498,,159.112564,,
2022-01-17 11:26:00,,,,,34.9381027,
2022-01-17 11:28:45,,,,,,1.0
2022-01-17 11:35:02,,,,,,0.0
2022-01-17 11:37:00,,598.290588,,182.501541,,
2022-01-17 11:41:00,,,,,35.3928413,
2022-01-17 11:52:00,,594.383362,,158.427322,,
2022-01-17 11:56:00,,,,,34.9197617,
2022-01-17 12:07:00,,590.485657,,182.255173,,
2022-01-17 12:09:56,,,,,,1.0
2022-01-17 12:11:00,,,,,34.5282135,
2022-01-17 12:15:25,,,,,,0.0
2022-01-17 12:22:00,,586.56897,,159.024231,,
2022-01-17 12:26:00,,,,,34.2490616,
2022-01-17 12:37:00,,587.057373,,187.832413,,
2022-01-17 12:41:00,,,,,35.5798416,
2022-01-17 12:43:02,,,,,,1.0
2022-01-17 12:49:14,,,,,,0.0
2022-01-17 12:52:00,,586.56897,,160.479477,,
2022-01-17 12:56:00,,,,,34.8913803,
2022-01-17 13:07:00,,586.56897,,177.087296,,
2022-01-17 13:11:00,,,,,34.9723091,
2022-01-17 13:15:05,,,,,,1.0
2022-01-17 13:21:12,,,,,,0.0
2022-01-17 13:22:00,,591.453003,,161.873581,,
2022-01-17 13:26:00,,,,,34.5005074,
2022-01-17 13:37:00,,607.081787,,177.659149,,
2022-01-17 13:41:00,,,,,34.6506233,
2022-01-17 13:48:15,,,,,,1.0
2022-01-17 13:52:00,,610.989014,,160.79837,,
2022-01-17 13:56:00,,,,,35.3545609,
2022-01-17 13:57:27,,,,,,0.0
2022-01-17 14:07:00,,594.383362,,178.532684,,
2022-01-17 14:11:00,,,,,34.9300652,
2022-01-17 14:22:00,,590.476196,,165.768509,,
2022-01-17 14:26:00,,,,,34.6940994,
2022-01-17 14:26:15,,,,,,1.0
2022-01-17 14:32:41,,,,,,0.0
2022-01-17 14:37:00,,594.383362,,173.833527,,
2022-01-17 14:41:00,,,,,34.4383469,
2022-01-17 14:52:00,,586.56897,,176.731995,,
2022-01-17 14:56:00,,,,,34.6369972,
2022-01-17 15:07:00,,582.661743,,162.403931,,
2022-01-17 15:07:44,,,,,,1.0
2022-01-17 15:11:00,,,,,35.5050392,
2022-01-17 15:14:06,,,,,,0.0
2022-01-17 15:22:00,,577.973145,,178.424789,,
2022-01-17 15:26:00,,,,,34.0779991,
2022-01-17 15:37:00,,563.125732,,158.545349,,
2022-01-17 15:41:00,,,,,34.4317818,
2022-01-17 15:45:23,,,,,,1.0
2022-01-17 15:52:00,,555.31134,,177.79068,,
2022-01-17 15:52:33,,,,,,0.0
2022-01-17 15:56:00,,,,,34.4095535,
2022-01-17 16:07:00,,544.078186,,160.71666,,
2022-01-17 16:11:00,,,,,35.3893204,
2022-01-17 16:21:40,,,,,,1.0
2022-01-17 16:22:00,,532.356567,,182.855072,,
2022-01-17 16:26:00,,,,,34.3633575,
2022-01-17 16:28:10,,,,,,0.0
2022-01-17 16:37:00,,524.542114,,158.396774,,
2022-01-17 16:41:00,,,,,34.2345543,
2022-01-17 16:52:00,,512.332092,,177.937592,,
2022-01-17 16:54:54,,,,,,1.0
2022-01-17 16:56:00,,,,,34.3582039,
2022-01-17 17:01:59,,,,,,0.0
2022-01-17 17:07:00,,508.424896,,171.729034,,
2022-01-17 17:11:00,,,,,35.5303421,
2022-01-17 17:22:00,,500.610504,,181.72171,,
2022-01-17 17:26:00,,,,,34.3118362,
2022-01-17 17:32:50,,,,,,1.0
2022-01-17 17:37:00,,488.888885,,158.2659,,
2022-01-17 17:39:42,,,,,,0.0
2022-01-17 17:41:00,,,,,33.7502785,
2022-01-17 17:52:00,,481.074463,,181.888733,,
2022-01-17 17:56:00,,,,,34.4573708,
2022-01-17 18:03:58,,,,,,1.0
2022-01-17 18:07:00,,481.074463,,169.87442,,
2022-01-17 18:11:00,,,,,35.4594879,
2022-01-17 18:12:32,,,,,,0.0
2022-01-17 18:22:00,,484.981689,,173.824051,,
2022-01-17 18:26:00,,,,,34.9395447,
2022-01-17 18:37:00,,501.098907,,176.59816,,
2022-01-17 18:37:53,,,,,,1.0
2022-01-17 18:41:00,,,,,34.4457855,
2022-01-17 18:45:04,,,,,,0.0
2022-01-17 18:52:00,,512.820557,,166.084274,,
2022-01-17 18:56:00,,,,,34.7161636,
2022-01-17 19:07:00,,520.634949,,134.853683,,
2022-01-17 19:11:00,,,,,35.4866028,
2022-01-17 19:15:00,,,,,,1.0
2022-01-17 19:21:13,,,,,,0.0
2022-01-17 19:22:00,,520.634949,,127.001633,,
2022-01-17 19:26:00,,,,,35.0263672,
2022-01-17 19:37:00,,524.542114,,130.451767,,
2022-01-17 19:41:00,,,,,34.6180649,
2022-01-17 19:51:21,,,,,,1.0
2022-01-17 19:52:00,,524.542114,,130.652603,,
2022-01-17 19:56:00,,,,,34.4921532,
2022-01-17 19:57:33,,,,,,0.0
2022-01-17 20:07:00,,536.263733,,126.596123,,
2022-01-17 20:11:00,,,,,35.5853424,
2022-01-17 20:22:00,,532.356567,,127.30648,,
2022-01-17 20:24:11,,,,,,1.0
2022-01-17 20:26:00,,,,,34.4406319,
2022-01-17 20:30:05,,,,,,0.0
2022-01-17 20:37:00,,528.449341,,149.248322,,
2022-01-17 20:41:00,,,,,34.3899307,
2022-01-17 20:52:00,,524.542114,,178.140442,,
2022-01-17 20:56:00,,,,,34.5694313,
2022-01-17 21:07:00,,520.146484,,172.948669,,
2022-01-17 21:07:33,,,,,,1.0
2022-01-17 21:11:00,,,,,35.607338,
2022-01-17 21:13:21,,,,,,0.0
2022-01-17 21:22:00,,524.053711,,177.66214,,
2022-01-17 21:26:00,,,,,34.6518631,
2022-01-17 21:37:00,,512.332092,,172.256409,,
2022-01-17 21:41:00,,,,,34.4093857,
2022-01-17 21:52:00,,496.703278,,180.145721,,
2022-01-17 21:53:34,,,,,,1.0
2022-01-17 21:56:00,,,,,35.019104,
2022-01-17 21:59:10,,,,,,0.0
2022-01-17 22:00:38,,,21.9449177,,,
2022-01-17 22:07:00,,484.493317,,4.94690561,,
2022-01-17 22:11:00,,,,,37.0923386,
2022-01-17 22:22:00,,406.837616,,5.87255573,,
2022-01-17 22:26:00,,,,,30.3355961,
2022-01-17 22:37:00,,399.023193,,5.79234743,,
2022-01-17 22:37:57,,,20.9420528,,,
2022-01-17 22:41:00,,,,,27.8796768,
2022-01-17 22:52:00,,402.930389,,6.40575075,,
2022-01-17 22:56:00,,,,,26.5946865,
2022-01-17 22:58:30,,,,,,1.0
2022-01-17 23:02:34,,,,,,0.0
2022-01-17 23:07:00,,406.837616,,6.64820766,,
2022-01-17 23:10:03,,,19.9366894,,,
2022-01-17 23:11:00,,,,,26.0056515,
2022-01-17 23:22:00,,402.930389,,5.802145,,
2022-01-17 23:26:00,,,,,25.7423744,
2022-01-17 23:37:00,,399.023193,,7.17332792,,
2022-01-17 23:41:00,,,,,25.5042725,
2022-01-17 23:52:00,,399.023193,,6.54413939,,
2022-01-17 23:56:00,,,,,25.4480743,
2022-01-18 00:07:00,,399.023193,,5.3209815,,
2022-01-18 00:08:24,,,18.9350834,,,
2022-01-18 00:11:00,,,,,25.7018814,
2022-01-18 00:15:24,,,,,,1.0
2022-01-18 00:19:08,,,,,,0.0
2022-01-18 00:22:00,,402.930389,,4.51327658,,
2022-01-18 00:26:00,,,,,25.9280586,
2022-01-18 00:37:00,,402.930389,,6.17718744,,
2022-01-18 00:41:00,,,,,26.2677288,
2022-01-18 00:52:00,,402.930389,,5.65322256,,
2022-01-18 00:56:00,,,,,26.7246647,
2022-01-18 01:07:00,,406.825806,,6.1713109,,
2022-01-18 01:11:00,,,,,26.6193047,
2022-01-18 01:22:00,,402.930389,,4.89289904,,
2022-01-18 01:26:00,,,,,26.7886696,
2022-01-18 01:37:00,,406.837616,,5.30680752,,
2022-01-18 01:41:00,,,,,26.7229309,
2022-01-18 01:52:00,,402.930389,,6.99010658,,
2022-01-18 01:56:00,,,,,26.6032333,
2022-01-18 02:07:00,,406.837616,,7.4934659,,
2022-01-18 02:11:00,,,,,26.594799,
2022-01-18 02:22:00,,410.744812,,5.41748333,,
2022-01-18 02:26:00,,,,,26.9182529,
2022-01-18 02:37:00,,410.744812,,7.23560905,,
2022-01-18 02:41:00,,,,,27.0801353,
2022-01-18 02:52:00,,406.837616,,4.86631107,,
2022-01-18 02:56:00,,,,,26.8339634,
2022-01-18 03:07:00,,406.837616,,5.41937351,,
2022-01-18 03:11:00,,,,,26.8831997,
2022-01-18 03:22:00,,402.930389,,4.3038063,,
2022-01-18 03:26:00,,,,,27.2101116,
2022-01-18 03:37:00,,410.744812,,6.85850334,,
2022-01-18 03:41:00,,,,,27.331461,
2022-01-18 03:52:00,,410.726349,,5.62603235,,
2022-01-18 03:56:00,,,,,27.2594719,
2022-01-18 04:00:51,,,17.9196377,,,
2022-01-18 04:01:00,,,16.9144745,,,
2022-01-18 04:01:09,,,15.9065199,,,
2022-01-18 04:01:20,,,14.8956928,,,
2022-01-18 04:01:46,,,13.8949499,,,
2022-01-18 04:02:23,,,14.9294548,,,
2022-01-18 04:02:30,,,15.965682,,,
2022-01-18 04:02:37,,,16.9965649,,,
2022-01-18 04:02:43,,,18.0279293,,,
2022-01-18 04:02:50,,,19.0579014,,,
2022-01-18 04:02:57,,,20.0584373,,,
2022-01-18 04:03:04,,,21.0666714,,,
2022-01-18 04:03:12,,,22.0790958,,,
2022-01-18 04:04:49,,,21.0778351,,,
2022-01-18 04:05:28,,,20.0746975,,,
2022-01-18 04:07:00,,406.837616,,244.411423,,
2022-01-18 04:07:33,,,21.0758362,,,
2022-01-18 04:11:00,,,,,27.0643787,
2022-01-18 04:12:21,,,22.0758228,,,
2022-01-18 04:18:37,,,23.0775223,,,
2022-01-18 04:22:00,,414.652008,,231.858429,,
2022-01-18 04:24:53,,,24.0782642,,,
2022-01-18 04:26:00,,,,,27.1441364,
2022-01-18 04:31:23,,,25.0841885,,,
2022-01-18 04:32:09,,,26.0874786,,,
2022-01-18 04:32:58,,,27.0889969,,,
2022-01-18 04:37:00,,418.559204,,205.944443,,
2022-01-18 04:41:00,,,,,27.3016872,
2022-01-18 04:52:00,,422.954834,,168.847687,,
2022-01-18 04:56:00,,,,,27.1690617,
2022-01-18 05:07:00,,407.326019,,172.521057,,
2022-01-18 05:10:26,,,28.0894299,,,
2022-01-18 05:11:00,,,,,27.0726433,
2022-01-18 05:22:00,,411.233246,,167.830933,,
2022-01-18 05:26:00,,,,,27.250473,
2022-01-18 05:37:00,,415.140442,,186.425003,,
2022-01-18 05:41:00,,,,,27.3203945,
2022-01-18 05:52:00,,422.954834,,202.838577,,
2022-01-18 05:56:00,,,,,27.4302139,
2022-01-18 06:00:29,,,27.0867481,,,
2022-01-18 06:00:42,,,26.0647278,,,
2022-01-18 06:00:55,,,25.0407295,,,
2022-01-18 06:01:11,,,24.029871,,,
2022-01-18 06:01:30,,,23.0228062,,,
2022-01-18 06:01:49,,,24.024641,,,
2022-01-18 06:02:02,,,25.0362835,,,
2022-01-18 06:02:43,,,24.0310574,,,
2022-01-18 06:03:20,,,23.0267658,,,
2022-01-18 06:04:51,,,22.0237579,,,
2022-01-18 06:07:00,,426.862061,,172.086533,,
2022-01-18 06:07:02,,,21.0233612,,,
2022-01-18 06:11:00,,,,,32.3077469,
2022-01-18 06:15:16,,,20.0188103,,,
2022-01-18 06:22:00,,426.373627,,200.431351,,
2022-01-18 06:26:00,,,,,34.0389824,
2022-01-18 06:37:00,,426.373627,,191.452164,,
2022-01-18 06:41:00,,,,,35.37883,
2022-01-18 06:52:00,,434.188019,,181.741226,,
2022-01-18 06:56:00,,,,,36.806694,
2022-01-18 06:56:21,,,,,,1.0
2022-01-18 07:00:21,,,19.0188389,,,
2022-01-18 07:01:29,,,,,,0.0
2022-01-18 07:07:00,,445.909637,,195.495285,,
2022-01-18 07:11:00,,,,,35.7136879,
2022-01-18 07:22:00,,473.172119,,168.500595,,
2022-01-18 07:26:00,,,,,36.5808411,
2022-01-18 07:37:00,,496.703278,,186.568054,,
2022-01-18 07:41:00,,,,,36.2838402,
2022-01-18 07:50:05,,,,,,1.0
2022-01-18 07:52:00,,517.216125,,162.734161,,
2022-01-18 07:52:55,,,20.0254993,,,
2022-01-18 07:55:48,,,,,,0.0
2022-01-18 07:56:00,,,,,35.493351,
2022-01-18 08:07:00,,528.937744,,175.619919,,
2022-01-18 08:11:00,,,,,35.7656326,
2022-01-18 08:17:46,,,21.030262,,,
2022-01-18 08:21:33,,,22.0340748,,,
2022-01-18 08:22:00,,545.054932,,170.705032,,
2022-01-18 08:26:00,,,,,36.3828392,
2022-01-18 08:30:16,,,23.0413227,,,
2022-01-18 08:37:00,,561.660583,,164.649323,,
2022-01-18 08:37:03,,,,,,1.0
2022-01-18 08:41:00,,,,,35.8108406,
2022-01-18 08:42:36,,,,,,0.0
2022-01-18 08:52:00,,581.684998,,160.816513,,
2022-01-18 08:56:00,,,,,35.2916412,
2022-01-18 09:07:00,,601.221008,,133.21936,,
2022-01-18 09:11:00,,,,,35.1288376,
2022-01-18 09:14:59,,,24.0474663,,,
2022-01-18 09:22:00,,616.849792,,156.958252,,
2022-01-18 09:24:11,,,,,,1.0
2022-01-18 09:26:00,,,,,36.4211464,
2022-01-18 09:29:39,,,,,,0.0
2022-01-18 09:34:22,,,23.0440044,,,
2022-01-18 09:37:00,,636.385803,,189.80806,,
2022-01-18 09:41:00,,,,,35.3103409,
2022-01-18 09:52:00,,644.200256,,172.043488,,
2022-01-18 09:56:00,,,,,34.9676628,
2022-01-18 10:07:00,,661.799072,,174.576248,,
2022-01-18 10:07:09,,,,,,1.0
2022-01-18 10:11:00,,,,,35.3103828,
2022-01-18 10:12:56,,,,,,0.0
2022-01-18 10:22:00,,666.666626,,179.473557,,
2022-01-18 10:26:00,,,,,36.2711411,
2022-01-18 10:37:00,,682.783875,,172.016434,,
2022-01-18 10:41:00,,,,,35.5186195,
2022-01-18 10:52:00,,682.783875,,179.26738,,
2022-01-18 10:56:00,,,,,34.7295189,
2022-01-18 10:57:25,,,,,,1.0
2022-01-18 11:07:00,,686.691101,,162.611664,,
2022-01-18 11:07:11,,,,,,0.0
2022-01-18 11:11:00,,,,,35.3103409,
2022-01-18 11:22:00,,670.573853,,178.011673,,
2022-01-18 11:26:00,,,,,36.3172836,
2022-01-18 11:37:00,,670.573853,,163.073074,,
2022-01-18 11:41:00,,,,,35.490715,
2022-01-18 11:52:00,,671.062256,,183.326233,,
2022-01-18 11:56:00,,,,,34.741539,
2022-01-18 12:07:00,,672.039062,,167.25946,,
2022-01-18 12:11:00,,,,,35.0496597,
2022-01-18 12:22:00,,668.131897,,197.549103,,
2022-01-18 12:24:38,,,,,,1.0
2022-01-18 12:26:00,,,,,35.9483414,
2022-01-18 12:31:10,,,,,,0.0
2022-01-18 12:37:00,,656.898621,,194.324677,,
2022-01-18 12:41:00,,,,,35.1609955,
2022-01-18 12:52:00,,645.177002,,177.33493,,
2022-01-18 12:56:00,,,,,34.9250221,
2022-01-18 12:58:49,,,22.0413876,,,
2022-01-18 13:01:06,,,23.0443878,,,
2022-01-18 13:07:00,,633.455444,,208.293152,,
2022-01-18 13:11:00,,,,,35.3455391,
2022-01-18 13:11:19,,,,,,1.0
2022-01-18 13:17:16,,,,,,0.0
2022-01-18 13:22:00,,633.455444,,188.413498,,
2022-01-18 13:26:00,,,,,35.83284,
2022-01-18 13:37:00,,617.826599,,186.042374,,
2022-01-18 13:41:00,,,,,35.402317,
2022-01-18 13:52:00,,594.383362,,193.684998,,
2022-01-18 13:54:31,,,22.0432644,,,
2022-01-18 13:56:00,,,,,35.0969391,
2022-01-18 13:59:46,,,,,,1.0
2022-01-18 14:00:17,,,23.0487919,,,
2022-01-18 14:05:43,,,,,,0.0
2022-01-18 14:07:00,,574.847351,,187.561981,,
2022-01-18 14:11:00,,,,,35.3951569,
2022-01-18 14:22:00,,563.125732,,203.296844,,
2022-01-18 14:26:00,,,,,35.8823395,
2022-01-18 14:37:00,,555.31134,,177.792831,,
2022-01-18 14:41:00,,,,,35.1894569,
2022-01-18 14:52:00,,547.985352,,198.36647,,
2022-01-18 14:52:25,,,,,,1.0
2022-01-18 14:54:27,,,22.0421143,,,
2022-01-18 14:56:00,,,,,34.7792892,
2022-01-18 14:57:37,,,,,,0.0
2022-01-18 15:06:16,,,23.0420895,,,
2022-01-18 15:07:00,,540.170959,,179.950684,,
2022-01-18 15:11:00,,,,,35.4753418,
2022-01-18 15:22:00,,540.170959,,198.454803,,
2022-01-18 15:26:00,,,,,36.0282021,
2022-01-18 15:37:00,,540.170959,,181.681381,,
2022-01-18 15:41:00,,,,,35.2470779,
2022-01-18 15:41:30,,,,,,1.0
2022-01-18 15:46:51,,,,,,0.0
2022-01-18 15:52:00,,540.170959,,192.814194,,
2022-01-18 15:55:56,,,22.0386887,,,
2022-01-18 15:56:00,,,,,35.1233406,
2022-01-18 16:07:00,,540.170959,,189.883118,,
2022-01-18 16:11:00,,,,,36.0550385,
2022-01-18 16:12:12,,,,,,1.0
2022-01-18 16:18:13,,,,,,0.0
2022-01-18 16:22:00,,540.170959,,192.375992,,
2022-01-18 16:26:00,,,,,35.7228394,
2022-01-18 16:37:00,,536.263733,,187.02475,,
2022-01-18 16:41:00,,,,,35.1255379,
2022-01-18 16:52:00,,527.960938,,197.07486,,
2022-01-18 16:56:00,,,,,34.8527832,
2022-01-18 16:58:06,,,,,,1.0
2022-01-18 17:01:03,,,23.0403652,,,
2022-01-18 17:04:15,,,,,,0.0
2022-01-18 17:07:00,,524.053711,,168.370483,,
2022-01-18 17:11:00,,,,,36.0491371,
2022-01-18 17:22:00,,508.424896,,186.800247,,
2022-01-18 17:26:00,,,,,35.5853424,
2022-01-18 17:37:00,,500.610504,,206.066376,,
2022-01-18 17:40:06,,,,,,1.0
2022-01-18 17:41:00,,,,,35.2745552,
2022-01-18 17:45:32,,,,,,0.0
2022-01-18 17:52:00,,492.796082,,190.773117,,
2022-01-18 17:56:00,,,,,35.0230064,
2022-01-18 18:07:00,,493.284515,,201.874664,,
2022-01-18 18:11:00,,,,,36.1628418,
2022-01-18 18:20:37,,,,,,1.0
2022-01-18 18:22:00,,489.377319,,186.350677,,
2022-01-18 18:26:00,,,,,35.5816002,
2022-01-18 18:26:42,,,,,,0.0
2022-01-18 18:37:00,,489.377319,,193.975632,,
2022-01-18 18:41:00,,,,,35.1779861,
2022-01-18 18:52:00,,493.284515,,196.916412,,
2022-01-18 18:56:00,,,,,34.891922,
2022-01-18 19:03:34,,,,,,1.0
2022-01-18 19:07:00,,493.284515,,182.41745,,
2022-01-18 19:09:29,,,,,,0.0
2022-01-18 19:11:00,,,,,36.3811226,
2022-01-18 19:22:00,,505.006134,,202.302887,,
2022-01-18 19:22:06,,,22.0375175,,,
2022-01-18 19:26:00,,,,,35.1930237,
2022-01-18 19:29:27,,,21.0368462,,,
2022-01-18 19:37:00,,505.006134,,187.823212,,
2022-01-18 19:41:00,,,,,35.061676,
2022-01-18 19:49:13,,,,,,1.0
2022-01-18 19:52:00,,508.91333,,196.683167,,
2022-01-18 19:54:52,,,,,,0.0
2022-01-18 19:56:00,,,,,35.1131248,
2022-01-18 20:07:00,,512.820557,,179.589844,,
2022-01-18 20:11:00,,,,,36.6028404,
2022-01-18 20:22:00,,520.634949,,190.459991,,
2022-01-18 20:23:05,,,,,,1.0
2022-01-18 20:26:00,,,,,35.682827,
2022-01-18 20:29:22,,,,,,0.0
2022-01-18 20:37:00,,524.542114,,169.763184,,
2022-01-18 20:41:00,,,,,34.9815865,
2022-01-18 20:52:00,,520.634949,,172.680664,,
2022-01-18 20:56:00,,,,,36.025341,
2022-01-18 21:07:00,,520.634949,,167.047058,,
2022-01-18 21:11:00,,,,,35.7341347,
2022-01-18 21:11:23,,,,,,1.0
2022-01-18 21:17:06,,,,,,0.0
2022-01-18 21:22:00,,516.727722,,181.389465,,
2022-01-18 21:26:00,,,,,35.2828369,
2022-01-18 21:37:00,,512.332092,,176.786301,,
2022-01-18 21:41:00,,,,,35.0685616,
2022-01-18 21:47:11,,,,,,1.0
2022-01-18 21:52:00,,516.239319,,163.578995,,
2022-01-18 21:52:34,,,,,,0.0
2022-01-18 21:56:00,,,,,36.6529999,
2022-01-18 22:07:00,,495.296692,,5.16165257,,
2022-01-18 22:11:00,,,,,38.4350052,
2022-01-18 22:21:20,,,20.0355015,,,
2022-01-18 22:22:00,,430.280823,,6.00528622,,
2022-01-18 22:26:00,,,,,33.4875298,
2022-01-18 22:37:00,,426.373627,,7.0305624,,
2022-01-18 22:37:13,,,19.0304737,,,
2022-01-18 22:41:00,,,,,31.3494911,
2022-01-18 22:52:00,,426.373627,,6.68286085,,
2022-01-18 22:56:00,,,,,30.7188969,
2022-01-18 23:07:00,,438.583649,,5.00091314,,
2022-01-18 23:11:00,,,,,31.0918961,
2022-01-18 23:22:00,,430.280823,,6.17232227,,
2022-01-18 23:26:00,,,,,32.0397949,
2022-01-18 23:37:00,,428.32724,,6.08726358,,
2022-01-18 23:41:00,,,,,33.0496216,
2022-01-18 23:52:00,,427.838837,,5.39556503,,
2022-01-18 23:56:00,,,,,33.4844398,
2022-01-19 00:07:00,,440.537262,,5.5966692,,
2022-01-19 00:11:00,,,,,34.1685524,
2022-01-19 00:22:00,,441.025635,,5.18150473,,
2022-01-19 00:26:00,,,,,34.7497444,
2022-01-19 00:37:00,,432.72287,,6.97233582,,
2022-01-19 00:41:00,,,,,35.2402611,
2022-01-19 00:52:00,,429.304016,,6.48277998,,
2022-01-19 00:56:00,,,,,35.7539062,
2022-01-19 01:07:00,,421.001251,,6.44757891,,
2022-01-19 01:11:00,,,,,35.9294205,
2022-01-19 01:22:00,,421.489624,,5.62132788,,
2022-01-19 01:26:00,,,,,35.8565979,
2022-01-19 01:37:00,,430.280823,,6.17235708,,
2022-01-19 01:41:00,,,,,36.3450012,
2022-01-19 01:52:00,,430.280823,,5.26004982,,
2022-01-19 01:56:00,,,,,36.6776047,
2022-01-19 02:07:00,,418.559204,,6.33493042,,
2022-01-19 02:11:00,,,,,36.7953415,
2022-01-19 02:22:00,,414.652008,,6.25690413,,
2022-01-19 02:26:00,,,,,36.844841,
2022-01-19 02:37:00,,434.676453,,5.28715992,,
2022-01-19 02:41:00,,,,,36.8228416,
2022-01-19 02:52:00,,422.466431,,6.84986973,,
2022-01-19 02:56:00,,,,,37.1240349,
2022-01-19 03:07:00,,418.559204,,5.5369873,,
2022-01-19 03:11:00,,,,,37.4089355,
2022-01-19 03:22:00,,422.466431,,6.72617817,,
2022-01-19 03:26:00,,,,,37.4465904,
2022-01-19 03:37:00,,426.373627,,5.8135848,,
2022-01-19 03:41:00,,,,,37.18853,
2022-01-19 03:52:00,,418.559204,,6.12780046,,
2022-01-19 03:56:00,,,,,37.1339188,
2022-01-19 04:01:37,,,18.0206165,,,
2022-01-19 04:01:50,,,16.9877396,,,
2022-01-19 04:02:02,,,15.9575253,,,
2022-01-19 04:02:16,,,14.9384336,,,
2022-01-19 04:02:38,,,13.9319429,,,
2022-01-19 04:03:19,,,14.968441,,,
2022-01-19 04:03:26,,,15.9911633,,,
2022-01-19 04:03:33,,,17.0122433,,,
2022-01-19 04:03:39,,,18.0718861,,,
2022-01-19 04:03:45,,,19.1413956,,,
2022-01-19 04:03:51,,,20.1739159,,,
2022-01-19 04:03:57,,,21.2310066,,,
2022-01-19 04:04:02,,,22.2513828,,,
2022-01-19 04:04:09,,,23.2530746,,,
2022-01-19 04:04:16,,,24.2643356,,,
2022-01-19 04:04:25,,,25.2867165,,,
2022-01-19 04:04:38,,,26.3041935,,,
2022-01-19 04:04:58,,,27.306097,,,
2022-01-19 04:06:05,,,26.2860699,,,
2022-01-19 04:06:19,,,25.2478943,,,
2022-01-19 04:06:34,,,24.2171993,,,
2022-01-19 04:06:50,,,23.2090473,,,
2022-01-19 04:07:00,,426.373627,,284.521179,,
2022-01-19 04:07:12,,,22.1966057,,,
2022-01-19 04:07:50,,,21.1958237,,,
2022-01-19 04:09:59,,,22.2091312,,,
2022-01-19 04:10:23,,,23.212244,,,
2022-01-19 04:10:49,,,24.2180653,,,
2022-01-19 04:11:00,,,,,37.2741051,
2022-01-19 04:12:22,,,23.2146034,,,
2022-01-19 04:14:06,,,24.2199955,,,
2022-01-19 04:16:11,,,23.2147141,,,
2022-01-19 04:17:45,,,24.215023,,,
2022-01-19 04:22:00,,426.373627,,156.428314,,
2022-01-19 04:26:00,,,,,37.7117844,
2022-01-19 04:26:24,,,25.2181072,,,
2022-01-19 04:31:53,,,26.2188282,,,
2022-01-19 04:37:00,,423.443237,,220.87973,,
2022-01-19 04:39:29,,,27.2298889,,,
2022-01-19 04:41:00,,,,,37.9240456,
2022-01-19 04:52:00,,419.047638,,190.540085,,
2022-01-19 04:56:00,,,,,38.1933441,
2022-01-19 05:01:34,,,26.2138824,,,
2022-01-19 05:02:09,,,25.2054844,,,
2022-01-19 05:04:51,,,26.2067242,,,
2022-01-19 05:06:32,,,25.1978397,,,
2022-01-19 05:07:00,,419.047638,,158.579681,,
2022-01-19 05:11:00,,,,,44.8504105,
2022-01-19 05:22:00,,419.047638,,187.751205,,
2022-01-19 05:26:00,,,,,45.670311,
2022-01-19 05:27:13,,,26.1990814,,,
2022-01-19 05:27:25,,,27.2363777,,,
2022-01-19 05:27:37,,,28.2478142,,,
2022-01-19 05:27:54,,,29.2515373,,,
2022-01-19 05:36:01,,,28.2489471,,,
2022-01-19 05:37:00,,426.373627,,197.715454,,
2022-01-19 05:41:00,,,,,46.1942329,
2022-01-19 05:52:00,,422.466431,,195.478134,,
2022-01-19 05:56:00,,,,,45.4104385,
2022-01-19 06:01:42,,,27.2382259,,,
2022-01-19 06:01:57,,,26.2341633,,,
2022-01-19 06:02:14,,,25.2258873,,,
2022-01-19 06:02:40,,,24.2173538,,,
2022-01-19 06:03:32,,,23.2044792,,,
2022-01-19 06:04:43,,,22.1971188,,,
2022-01-19 06:06:14,,,21.1967049,,,
2022-01-19 06:07:00,,434.188019,,186.124817,,
2022-01-19 06:11:00,,,,,31.0585117,
2022-01-19 06:14:56,,,20.1950016,,,
2022-01-19 06:22:00,,434.188019,,192.763885,,
2022-01-19 06:26:00,,,,,31.731041,
2022-01-19 06:37:00,,434.188019,,179.883698,,
2022-01-19 06:41:00,,,,,33.3329773,
2022-01-19 06:52:00,,442.002441,,202.856705,,
2022-01-19 06:56:00,,,,,35.1762619,
2022-01-19 06:57:27,,,19.1926403,,,
2022-01-19 07:07:00,,458.11969,,175.653702,,
2022-01-19 07:09:03,,,18.1908817,,,
2022-01-19 07:11:00,,,,,35.51054,
2022-01-19 07:22:00,,489.377319,,173.89447,,
2022-01-19 07:26:00,,,,,36.0662613,
2022-01-19 07:37:00,,516.727722,,144.307983,,
2022-01-19 07:41:00,,,,,35.0025902,
2022-01-19 07:52:00,,528.449341,,129.309479,,
2022-01-19 07:56:00,,,,,34.0904922,
2022-01-19 07:57:27,,,19.1941242,,,
2022-01-19 08:07:00,,536.752136,,127.782333,,
2022-01-19 08:11:00,,,,,35.3226433,
2022-01-19 08:21:35,,,20.199789,,,
2022-01-19 08:22:00,,552.38092,,136.860092,,
2022-01-19 08:26:00,,,,,34.7054405,
2022-01-19 08:37:00,,568.009766,,133.932037,,
2022-01-19 08:41:00,,,,,34.1902504,
2022-01-19 08:52:00,,575.824158,,135.794678,,
2022-01-19 08:53:00,,,21.2053223,,,
2022-01-19 08:56:00,,,,,34.0800018,
2022-01-19 09:03:21,,,22.2072124,,,
2022-01-19 09:07:00,,579.242981,,129.418808,,
2022-01-19 09:11:00,,,,,35.5952415,
2022-01-19 09:22:00,,595.360168,,134.434128,,
2022-01-19 09:26:00,,,,,34.7668495,
2022-01-19 09:37:00,,620.757019,,131.749924,,
2022-01-19 09:41:00,,,,,34.2551651,
2022-01-19 09:52:00,,637.36261,,138.080032,,
2022-01-19 09:56:00,,,,,34.3744164,
2022-01-19 10:07:00,,637.36261,,131.830444,,
2022-01-19 10:11:00,,,,,34.376503,
2022-01-19 10:22:00,,641.75824,,106.991219,,
2022-01-19 10:26:00,,,,,34.6533394,
2022-01-19 10:36:30,,,21.2050858,,,
2022-01-19 10:37:00,,661.782654,,146.50209,,
2022-01-19 10:41:00,,,,,34.3375931,
2022-01-19 10:52:00,,661.29425,,179.11087,,
2022-01-19 10:56:00,,,,,35.0353394,
2022-01-19 11:07:00,,649.572632,,162.312729,,
2022-01-19 11:11:00,,,,,34.9580917,
2022-01-19 11:22:00,,645.665466,,175.30101,,
2022-01-19 11:26:00,,,,,34.3891144,
2022-01-19 11:37:00,,637.851074,,154.147903,,
2022-01-19 11:41:00,,,,,33.6998329,
2022-01-19 11:50:29,,,22.2108498,,,
2022-01-19 11:52:00,,626.129456,,132.425629,,
2022-01-19 11:56:00,,,,,34.8809204,
2022-01-19 12:07:00,,625.640991,,126.561409,,
2022-01-19 12:11:00,,,,,34.862793,
2022-01-19 12:19:27,,,21.2089596,,,
2022-01-19 12:22:00,,633.455444,,128.029556,,
2022-01-19 12:26:00,,,,,34.497303,
2022-01-19 12:37:00,,641.269836,,145.077179,,
2022-01-19 12:41:00,,,,,34.3221397,
2022-01-19 12:48:35,,,22.2108498,,,
2022-01-19 12:52:00,,631.148621,,176.570892,,
2022-01-19 12:56:00,,,,,35.1411438,
2022-01-19 13:07:00,,621.733826,,173.029129,,
2022-01-19 13:11:00,,,,,34.9300652,
2022-01-19 13:22:00,,610.012207,,156.749359,,
2022-01-19 13:26:00,,,,,34.528923,
2022-01-19 13:30:19,,,21.206358,,,
2022-01-19 13:37:00,,606.10498,,181.157104,,
2022-01-19 13:41:00,,,,,34.4327507,
2022-01-19 13:49:40,,,22.2108498,,,
2022-01-19 13:52:00,,590.476196,,160.302429,,
2022-01-19 13:56:00,,,,,35.2968292,
2022-01-19 14:07:00,,571.916992,,168.732437,,
2022-01-19 14:11:00,,,,,34.914608,
2022-01-19 14:22:00,,551.404114,,170.3871,,
2022-01-19 14:22:22,,,21.2053223,,,
2022-01-19 14:26:00,,,,,34.3535118,
2022-01-19 14:37:00,,536.752136,,170.396835,,
2022-01-19 14:41:00,,,,,34.1330872,
2022-01-19 14:46:24,,,22.2108498,,,
2022-01-19 14:52:00,,524.560547,,163.830978,,
2022-01-19 14:56:00,,,,,35.1728363,
2022-01-19 15:07:00,,506.030396,,160.741638,,
2022-01-19 15:11:00,,,,,34.7235718,
2022-01-19 15:20:43,,,21.2053223,,,
2022-01-19 15:22:00,,492.796082,,171.442535,,
2022-01-19 15:26:00,,,,,34.2345543,
2022-01-19 15:37:00,,479.609314,,152.680466,,
2022-01-19 15:41:00,,,,,34.1315193,
2022-01-19 15:49:36,,,22.2091789,,,
2022-01-19 15:52:00,,475.702087,,176.816864,,
2022-01-19 15:56:00,,,,,35.3208618,
2022-01-19 16:07:00,,471.306458,,154.198914,,
2022-01-19 16:11:00,,,,,34.3268127,
2022-01-19 16:22:00,,467.399261,,128.962524,,
2022-01-19 16:26:00,,,,,34.0490875,
2022-01-19 16:28:23,,,21.2076836,,,
2022-01-19 16:37:00,,459.584869,,124.078438,,
2022-01-19 16:41:00,,,,,33.4370461,
2022-01-19 16:48:18,,,22.2108498,,,
2022-01-19 16:52:00,,451.770447,,129.388565,,
2022-01-19 16:56:00,,,,,35.4368401,
2022-01-19 17:07:00,,447.863251,,155.83963,,
2022-01-19 17:11:00,,,,,34.4921532,
2022-01-19 17:14:13,,,21.2053223,,,
2022-01-19 17:22:00,,443.956055,,187.462021,,
2022-01-19 17:26:00,,,,,34.1047287,
2022-01-19 17:30:45,,,22.2108498,,,
2022-01-19 17:33:37,,,21.2053223,,,
2022-01-19 17:37:00,,444.444458,,162.771973,,
2022-01-19 17:38:27,,,22.2130737,,,
2022-01-19 17:41:00,,,,,35.1676102,
2022-01-19 17:52:00,,448.351685,,146.754501,,
2022-01-19 17:56:00,,,,,34.913372,
2022-01-19 18:04:28,,,21.2081947,,,
2022-01-19 18:07:00,,448.351685,,180.472916,,
2022-01-19 18:11:00,,,,,34.2860756,
2022-01-19 18:22:00,,448.351685,,164.217255,,
2022-01-19 18:26:00,,,,,34.0131226,
2022-01-19 18:32:09,,,22.2095509,,,
2022-01-19 18:37:00,,448.351685,,164.958954,,
2022-01-19 18:41:00,,,,,35.6403427,
2022-01-19 18:52:00,,452.258881,,157.542587,,
2022-01-19 18:56:00,,,,,34.1822395,
2022-01-19 19:02:51,,,21.2032108,,,
2022-01-19 19:07:00,,460.073273,,166.554352,,
2022-01-19 19:11:00,,,,,34.1541901,
2022-01-19 19:22:00,,465.934082,,164.04129,,
2022-01-19 19:24:34,,,22.2033157,,,
2022-01-19 19:26:00,,,,,35.14534,
2022-01-19 19:37:00,,478.144073,,165.122437,,
2022-01-19 19:41:00,,,,,34.8270264,
2022-01-19 19:49:16,,,21.1981907,,,
2022-01-19 19:52:00,,482.05127,,179.889908,,
2022-01-19 19:56:00,,,,,34.3390961,
2022-01-19 20:07:00,,485.470093,,166.229858,,
2022-01-19 20:11:00,,,,,34.2453995,
2022-01-19 20:17:46,,,22.2015419,,,
2022-01-19 20:22:00,,489.377319,,164.558395,,
2022-01-19 20:26:00,,,,,35.499733,
2022-01-19 20:37:00,,488.888885,,177.605087,,
2022-01-19 20:39:19,,,21.2005348,,,
2022-01-19 20:41:00,,,,,33.9120026,
2022-01-19 20:52:00,,484.981689,,161.975357,,
2022-01-19 20:56:00,,,,,34.0102654,
2022-01-19 21:07:00,,481.074463,,179.619385,,
2022-01-19 21:11:00,,,,,35.3566475,
2022-01-19 21:17:18,,,22.2119999,,,
2022-01-19 21:22:00,,481.074463,,160.70517,,
2022-01-19 21:26:00,,,,,34.9300652,
2022-01-19 21:37:00,,473.260071,,167.749969,,
2022-01-19 21:41:00,,,,,34.457325,
2022-01-19 21:42:43,,,21.2089596,,,
2022-01-19 21:52:00,,465.445648,,191.790771,,
2022-01-19 21:52:35,,,22.2164135,,,
2022-01-19 21:56:00,,,,,34.4749184,
2022-01-19 22:07:00,,445.909637,,6.58090734,,
2022-01-19 22:11:00,,,,,35.6238403,
2022-01-19 22:22:00,,430.280823,,6.78245926,,
2022-01-19 22:26:00,,,,,30.0975761,
2022-01-19 22:35:54,,,21.2151279,,,
2022-01-19 22:37:00,,410.744812,,5.54354572,,
2022-01-19 22:41:00,,,,,27.8113022,
2022-01-19 22:52:00,,410.744812,,6.14741039,,
2022-01-19 22:56:00,,,,,26.7748814,
2022-01-19 22:58:58,,,20.2151127,,,
2022-01-19 23:07:00,,410.744812,,7.33771324,,
2022-01-19 23:11:00,,,,,26.5434818,
2022-01-19 23:22:00,,414.652008,,6.77445412,,
2022-01-19 23:26:00,,,,,26.392828,
2022-01-19 23:35:44,,,19.2126713,,,
2022-01-19 23:37:00,,411.233246,,5.86202145,,
2022-01-19 23:41:00,,,,,26.3317795,
2022-01-19 23:52:00,,410.744812,,7.19857836,,
2022-01-19 23:56:00,,,,,26.2591438,
2022-01-20 00:07:00,,410.744812,,6.03249407,,
2022-01-20 00:11:00,,,,,26.5486412,
2022-01-20 00:22:00,,414.652008,,7.25569057,,
2022-01-20 00:26:00,,,,,26.7719269,
2022-01-20 00:37:00,,422.466431,,5.36221981,,
2022-01-20 00:41:00,,,,,26.8497181,
2022-01-20 00:52:00,,428.32724,,5.91846037,,
2022-01-20 00:56:00,,,,,27.0299149,
2022-01-20 01:07:00,,407.814423,,5.28472137,,
2022-01-20 01:11:00,,,,,27.0461769,
2022-01-20 01:22:00,,411.721619,,7.40376949,,
2022-01-20 01:26:00,,,,,26.9570465,
2022-01-20 01:37:00,,403.418823,,5.72668552,,
2022-01-20 01:41:00,,,,,27.1893826,
2022-01-20 01:52:00,,404.39563,,6.95315409,,
2022-01-20 01:56:00,,,,,27.4369087,
2022-01-20 02:07:00,,400.0,,5.33455372,,
2022-01-20 02:11:00,,,,,27.5450974,
2022-01-20 02:22:00,,403.530365,,4.80212498,,
2022-01-20 02:26:00,,,,,27.4011383,
2022-01-20 02:37:00,,411.233246,,6.89723587,,
2022-01-20 02:41:00,,,,,27.4348831,
2022-01-20 02:52:00,,407.326019,,6.79268599,,
2022-01-20 02:56:00,,,,,27.551836,
2022-01-20 03:07:00,,415.628815,,6.60642862,,
2022-01-20 03:11:00,,,,,27.7694111,
2022-01-20 03:22:00,,415.628815,,5.93201399,,
2022-01-20 03:26:00,,,,,27.7585335,
2022-01-20 03:37:00,,399.023193,,5.05776262,,
2022-01-20 03:41:00,,,,,27.756609,
2022-01-20 03:52:00,,402.930389,,6.64351702,,
2022-01-20 03:56:00,,,,,27.8508415,
2022-01-20 04:00:52,,,18.1776981,,,
2022-01-20 04:01:01,,,17.1526184,,,
2022-01-20 04:01:12,,,16.1463795,,,
2022-01-20 04:01:27,,,15.1333361,,,
2022-01-20 04:02:21,,,16.1791496,,,
2022-01-20 04:02:27,,,17.2454739,,,
2022-01-20 04:02:33,,,18.2925282,,,
2022-01-20 04:02:38,,,19.3092461,,,
2022-01-20 04:02:44,,,20.346405,,,
2022-01-20 04:02:51,,,21.3894615,,,
2022-01-20 04:02:58,,,22.3958454,,,
2022-01-20 04:03:08,,,23.4255257,,,
2022-01-20 04:03:29,,,24.4365139,,,
2022-01-20 04:04:40,,,23.4217033,,,
2022-01-20 04:05:01,,,22.403904,,,
2022-01-20 04:05:25,,,21.3890438,,,
2022-01-20 04:06:58,,,22.3911819,,,
2022-01-20 04:07:00,,402.930389,,253.213913,,
2022-01-20 04:11:00,,,,,28.3154678,
2022-01-20 04:12:39,,,23.3927097,,,
2022-01-20 04:19:05,,,24.3950539,,,
2022-01-20 04:22:00,,399.023193,,243.747711,,
2022-01-20 04:25:06,,,25.3969803,,,
2022-01-20 04:26:00,,,,,28.4439125,
2022-01-20 04:32:10,,,26.3997211,,,
2022-01-20 04:37:00,,411.233246,,211.629089,,
2022-01-20 04:38:28,,,27.4001541,,,
2022-01-20 04:41:00,,,,,28.5866928,
2022-01-20 04:52:00,,411.721619,,181.754272,,
2022-01-20 04:56:00,,,,,28.3584404,
2022-01-20 05:07:00,,419.047638,,177.311188,,
2022-01-20 05:11:00,,,,,28.212513,
2022-01-20 05:19:51,,,28.4094486,,,
2022-01-20 05:22:00,,431.746063,,205.07196,,
2022-01-20 05:26:00,,,,,28.2019577,
2022-01-20 05:37:00,,428.32724,,211.930984,,
2022-01-20 05:41:00,,,,,28.3743973,
2022-01-20 05:52:00,,410.744812,,186.437561,,
2022-01-20 05:56:00,,,,,28.1434612,
2022-01-20 06:01:38,,,27.393261,,,
2022-01-20 06:02:05,,,26.3844032,,,
2022-01-20 06:02:31,,,25.3723774,,,
2022-01-20 06:03:02,,,24.3665161,,,
2022-01-20 06:03:41,,,23.3620701,,,
2022-01-20 06:07:00,,422.954834,,196.977829,,
2022-01-20 06:07:09,,,22.3581371,,,
2022-01-20 06:10:08,,,21.3526077,,,
2022-01-20 06:11:00,,,,,32.8693008,
2022-01-20 06:22:00,,422.954834,,176.732986,,
2022-01-20 06:26:00,,,,,33.7169876,
2022-01-20 06:37:00,,422.954834,,206.002441,,
2022-01-20 06:41:00,,,,,34.5964279,
2022-01-20 06:42:21,,,20.3484573,,,
2022-01-20 06:52:00,,431.746063,,187.650299,,
2022-01-20 06:56:00,,,,,35.9633446,
2022-01-20 07:02:57,,,19.3474464,,,
2022-01-20 07:07:00,,448.840057,,171.958527,,
2022-01-20 07:11:00,,,,,35.1686668,
2022-01-20 07:22:00,,465.445648,,191.90593,,
2022-01-20 07:26:00,,,,,34.5748253,
2022-01-20 07:37:00,,485.958496,,153.590927,,
2022-01-20 07:41:00,,,,,35.6931419,
2022-01-20 07:52:00,,505.494507,,128.680023,,
2022-01-20 07:56:00,,,,,35.3788071,
2022-01-20 07:56:45,,,20.3502197,,,
2022-01-20 08:07:00,,517.216125,,126.094398,,
2022-01-20 08:11:00,,,,,34.6209488,
2022-01-20 08:14:52,,,21.353756,,,
2022-01-20 08:20:34,,,22.3544998,,,
2022-01-20 08:22:00,,534.798523,,137.028793,,
2022-01-20 08:26:00,,,,,35.1671181,
2022-01-20 08:27:51,,,23.3600273,,,
2022-01-20 08:35:11,,,24.3655586,,,
2022-01-20 08:37:00,,558.24176,,141.17601,,
2022-01-20 08:41:00,,,,,35.188942,
2022-01-20 08:52:00,,569.963379,,145.589554,,
2022-01-20 08:56:00,,,,,34.497303,
2022-01-20 08:58:07,,,25.3658066,,,
2022-01-20 09:07:00,,577.777771,,180.246033,,
2022-01-20 09:11:00,,,,,34.2866936,
2022-01-20 09:22:00,,586.56897,,174.337418,,
2022-01-20 09:26:00,,,,,35.249836,
2022-01-20 09:37:00,,602.686218,,166.100006,,
2022-01-20 09:41:00,,,,,34.6467094,
2022-01-20 09:41:07,,,24.3655586,,,
2022-01-20 09:52:00,,614.896179,,196.256271,,
2022-01-20 09:56:00,,,,,34.5797348,
2022-01-20 10:07:00,,622.222229,,192.517105,,
2022-01-20 10:07:38,,,23.3600273,,,
2022-01-20 10:11:00,,,,,34.2345543,
2022-01-20 10:22:00,,626.617798,,184.100677,,
2022-01-20 10:23:55,,,22.3544998,,,
2022-01-20 10:26:00,,,,,35.2143288,
2022-01-20 10:37:00,,622.222229,,183.507172,,
2022-01-20 10:41:00,,,,,34.1770325,
2022-01-20 10:52:00,,617.826599,,186.878616,,
2022-01-20 10:56:00,,,,,34.3125916,
2022-01-20 11:07:00,,610.012207,,183.369507,,
2022-01-20 11:11:00,,,,,34.2009926,
2022-01-20 11:22:00,,590.476196,,184.232513,,
2022-01-20 11:26:00,,,,,34.7421074,
2022-01-20 11:37:00,,582.661743,,195.439667,,
2022-01-20 11:41:00,,,,,34.5049553,
2022-01-20 11:52:00,,580.161133,,183.77916,,
2022-01-20 11:56:00,,,,,34.2809258,
2022-01-20 12:07:00,,575.335815,,191.688568,,
2022-01-20 12:11:00,,,,,34.15728,
2022-01-20 12:22:00,,575.335815,,182.328461,,
2022-01-20 12:26:00,,,,,34.601326,
2022-01-20 12:37:00,,579.242981,,208.571167,,
2022-01-20 12:41:00,,,,,34.5014229,
2022-01-20 12:52:00,,567.521362,,179.272339,,
2022-01-20 12:56:00,,,,,34.6402283,
2022-01-20 13:07:00,,555.799744,,194.535217,,
2022-01-20 13:11:00,,,,,34.3602676,
2022-01-20 13:22:00,,537.775818,,181.211868,,
2022-01-20 13:26:00,,,,,35.5835266,
2022-01-20 13:37:00,,528.449341,,191.028488,,
2022-01-20 13:41:00,,,,,35.4478416,
2022-01-20 13:45:35,,,21.3489666,,,
2022-01-20 13:52:00,,512.332092,,177.147247,,
2022-01-20 13:56:00,,,,,34.6817436,
2022-01-20 14:07:00,,508.424896,,195.626312,,
2022-01-20 14:08:04,,,20.3434391,,,
2022-01-20 14:11:00,,,,,34.3054237,
2022-01-20 14:15:29,,,19.3404922,,,
2022-01-20 14:20:40,,,18.3365593,,,
2022-01-20 14:22:00,,504.5177,,178.575104,,
2022-01-20 14:23:27,,,17.3273258,,,
2022-01-20 14:26:00,,,,,35.4203415,
2022-01-20 14:32:47,,,16.3261452,,,
2022-01-20 14:37:00,,492.796082,,183.477554,,
2022-01-20 14:41:00,,,,,34.8757172,
2022-01-20 14:52:00,,481.246277,,148.087891,,
2022-01-20 14:56:00,,,,,34.3221397,
2022-01-20 15:07:00,,473.260071,,137.137238,,
2022-01-20 15:11:00,,,,,34.2480774,
2022-01-20 15:22:00,,469.352875,,136.15538,,
2022-01-20 15:26:00,,,,,35.7293968,
2022-01-20 15:37:00,,465.934082,,133.892242,,
2022-01-20 15:41:00,,,,,34.8327103,
2022-01-20 15:52:00,,458.11969,,128.618652,,
2022-01-20 15:56:00,,,,,34.4602127,
2022-01-20 16:07:00,,458.11969,,130.898819,,
2022-01-20 16:11:00,,,,,34.914608,
2022-01-20 16:22:00,,454.212463,,143.036331,,
2022-01-20 16:26:00,,,,,35.5985374,
2022-01-20 16:37:00,,456.519287,,128.042496,,
2022-01-20 16:41:00,,,,,34.6474419,
2022-01-20 16:52:00,,454.212463,,136.638596,,
2022-01-20 16:56:00,,,,,34.433815,
2022-01-20 17:07:00,,454.212463,,140.626022,,
2022-01-20 17:11:00,,,,,35.6403427,
2022-01-20 17:22:00,,454.212463,,129.198517,,
2022-01-20 17:26:00,,,,,34.7839165,
2022-01-20 17:37:00,,454.212463,,119.979095,,
2022-01-20 17:41:00,,,,,34.394268,
2022-01-20 17:49:58,,,,,,1.0
2022-01-20 17:52:00,,454.212463,,129.305817,,
2022-01-20 17:56:00,,,,,35.1398392,
2022-01-20 17:57:53,,,,,,0.0
2022-01-20 18:07:00,,450.305267,,156.401779,,
2022-01-20 18:11:00,,,,,35.5675201,
2022-01-20 18:22:00,,454.212463,,162.973755,,
2022-01-20 18:26:00,,,,,34.6802063,
2022-01-20 18:31:23,,,,,,1.0
2022-01-20 18:36:49,,,,,,0.0
2022-01-20 18:37:00,,454.212463,,124.603432,,
2022-01-20 18:41:00,,,,,34.1703682,
2022-01-20 18:52:00,,462.026886,,106.204468,,
2022-01-20 18:56:00,,,,,35.8260193,
2022-01-20 19:01:06,,,,,,1.0
2022-01-20 19:06:53,,,,,,0.0
2022-01-20 19:07:00,,469.841278,,133.402237,,
2022-01-20 19:11:00,,,,,34.9481354,
2022-01-20 19:22:00,,469.841278,,126.52932,,
2022-01-20 19:26:00,,,,,34.3172379,
2022-01-20 19:33:14,,,,,,1.0
2022-01-20 19:37:00,,473.748505,,131.372238,,
2022-01-20 19:39:20,,,,,,0.0
2022-01-20 19:41:00,,,,,35.7492409,
2022-01-20 19:52:00,,477.655701,,126.881889,,
2022-01-20 19:56:00,,,,,34.8703003,
2022-01-20 20:03:43,,,,,,1.0
2022-01-20 20:07:00,,477.655701,,129.258896,,
2022-01-20 20:09:38,,,,,,0.0
2022-01-20 20:11:00,,,,,34.6089401,
2022-01-20 20:22:00,,477.655701,,128.983032,,
2022-01-20 20:26:00,,,,,35.6678391,
2022-01-20 20:31:54,,,,,,1.0
2022-01-20 20:37:00,,477.655701,,127.357307,,
2022-01-20 20:37:54,,,,,,0.0
2022-01-20 20:41:00,,,,,35.2828369,
2022-01-20 20:52:00,,477.655701,,130.174469,,
2022-01-20 20:56:00,,,,,34.2963791,
2022-01-20 20:57:44,,,17.3267937,,,
2022-01-20 21:00:47,,,,,,1.0
2022-01-20 21:06:41,,,,,,0.0
2022-01-20 21:07:00,,469.841278,,131.529114,,
2022-01-20 21:11:00,,,,,34.7748871,
2022-01-20 21:22:00,,465.934082,,127.874237,,
2022-01-20 21:26:00,,,,,35.8199768,
2022-01-20 21:31:40,,,,,,1.0
2022-01-20 21:32:46,,,18.3303909,,,
2022-01-20 21:37:00,,462.026886,,147.970428,,
2022-01-20 21:38:14,,,,,,0.0
2022-01-20 21:41:00,,,,,35.4588394,
2022-01-20 21:44:17,,,19.3316822,,,
2022-01-20 21:52:00,,457.631256,,183.547516,,
2022-01-20 21:56:00,,,,,35.3729973,
2022-01-20 22:05:40,,,,,,1.0
2022-01-20 22:07:00,,442.549469,,5.92333984,,
2022-01-20 22:10:10,,,,,,0.0
2022-01-20 22:11:00,,,,,36.0926628,
2022-01-20 22:22:00,,422.466431,,6.28813124,,
2022-01-20 22:26:00,,,,,30.2259636,
2022-01-20 22:37:00,,430.280823,,5.78891468,,
2022-01-20 22:41:00,,,,,27.8432579,
2022-01-20 22:52:00,,426.373627,,6.11944485,,
2022-01-20 22:56:00,,,,,26.8388863,
2022-01-20 22:59:29,,,,,,1.0
2022-01-20 23:03:13,,,,,,0.0
2022-01-20 23:07:00,,436.630066,,5.84082174,,
2022-01-20 23:11:00,,,,,26.3007927,
2022-01-20 23:22:00,,436.630066,,5.88343096,,
2022-01-20 23:26:00,,,,,26.0619736,
2022-01-20 23:37:00,,436.630066,,5.70734406,,
2022-01-20 23:41:00,,,,,25.8640537,
2022-01-20 23:52:00,,432.72287,,5.71549797,,
2022-01-20 23:56:00,,,,,25.7557392,
2022-01-21 00:07:00,,440.537262,,6.06922054,,
2022-01-21 00:11:00,,,,,25.9231358,
2022-01-21 00:13:45,,,,,,1.0
2022-01-21 00:17:28,,,,,,0.0
2022-01-21 00:22:00,,436.630066,,6.76550913,,
2022-01-21 00:26:00,,,,,26.3926105,
2022-01-21 00:37:00,,440.537262,,6.45841885,,
2022-01-21 00:41:00,,,,,26.9028931,
2022-01-21 00:52:00,,440.537262,,5.14230299,,
2022-01-21 00:56:00,,,,,26.7225895,
2022-01-21 01:07:00,,448.439636,,6.24984789,,
2022-01-21 01:11:00,,,,,26.8831997,
2022-01-21 01:22:00,,440.537262,,6.35883379,,
2022-01-21 01:26:00,,,,,26.9078159,
2022-01-21 01:37:00,,444.444458,,7.90421152,,
2022-01-21 01:41:00,,,,,27.0801353,
2022-01-21 01:52:00,,436.630066,,4.92217255,,
2022-01-21 01:56:00,,,,,27.2954235,
2022-01-21 02:07:00,,432.72287,,4.82437277,,
2022-01-21 02:11:00,,,,,27.2524509,
2022-01-21 02:22:00,,432.72287,,6.77562618,,
2022-01-21 02:26:00,,,,,27.2859325,
2022-01-21 02:37:00,,444.932831,,5.33022118,,
2022-01-21 02:41:00,,,,,27.2500401,
2022-01-21 02:52:00,,452.747253,,5.59343243,,
2022-01-21 02:56:00,,,,,27.3459949,
2022-01-21 03:07:00,,460.561646,,6.45101166,,
2022-01-21 03:11:00,,,,,27.405077,
2022-01-21 03:22:00,,455.18927,,6.0541358,,
2022-01-21 03:26:00,,,,,27.385622,
2022-01-21 03:37:00,,452.258881,,7.11987019,,
2022-01-21 03:41:00,,,,,27.318119,
2022-01-21 03:52:00,,443.956055,,7.17621946,,
2022-01-21 03:56:00,,,,,27.3509178,
2022-01-21 04:00:50,,,18.286644,,,
2022-01-21 04:00:58,,,17.2759438,,,
2022-01-21 04:01:06,,,16.2662926,,,
2022-01-21 04:01:15,,,15.2616596,,,
2022-01-21 04:01:28,,,14.2518148,,,
2022-01-21 04:02:24,,,15.2842064,,,
2022-01-21 04:02:29,,,16.3249722,,,
2022-01-21 04:02:35,,,17.3509121,,,
2022-01-21 04:02:40,,,18.4120102,,,
2022-01-21 04:02:46,,,19.4213791,,,
2022-01-21 04:02:52,,,20.476162,,,
2022-01-21 04:02:59,,,21.5321045,,,
2022-01-21 04:03:08,,,22.5389404,,,
2022-01-21 04:03:20,,,23.5647869,,,
2022-01-21 04:04:55,,,22.5558033,,,
2022-01-21 04:05:16,,,21.538393,,,
2022-01-21 04:07:00,,443.956055,,246.11351,,
2022-01-21 04:07:04,,,22.5493908,,,
2022-01-21 04:11:00,,,,,27.5177231,
2022-01-21 04:13:03,,,23.5515556,,,
2022-01-21 04:20:39,,,24.5543213,,,
2022-01-21 04:22:00,,465.445648,,221.272018,,
2022-01-21 04:26:00,,,,,27.6758652,
2022-01-21 04:26:07,,,25.5545807,,,
2022-01-21 04:32:47,,,26.5554962,,,
2022-01-21 04:37:00,,465.445648,,192.611038,,
2022-01-21 04:39:38,,,27.5624275,,,
2022-01-21 04:41:00,,,,,28.0155773,
2022-01-21 04:52:00,,465.445648,,161.667816,,
2022-01-21 04:56:00,,,,,27.7891026,
2022-01-21 05:07:00,,465.445648,,135.285263,,
2022-01-21 05:11:00,,,,,27.637907,
2022-01-21 05:22:00,,473.260071,,131.856049,,
2022-01-21 05:26:00,,,,,27.728838,
2022-01-21 05:37:00,,473.260071,,147.291443,,
2022-01-21 05:41:00,,,,,28.0293293,
2022-01-21 05:52:00,,465.934082,,179.615265,,
2022-01-21 05:56:00,,,,,27.8275032,
2022-01-21 06:01:17,,,26.5569324,,,
2022-01-21 06:01:29,,,25.5362167,,,
2022-01-21 06:01:44,,,24.5057983,,,
2022-01-21 06:02:01,,,23.4893627,,,
2022-01-21 06:02:31,,,24.5137634,,,
2022-01-21 06:03:37,,,23.5129623,,,
2022-01-21 06:04:50,,,22.5056152,,,
2022-01-21 06:06:48,,,21.5006676,,,
2022-01-21 06:07:00,,462.026886,,174.176743,,
2022-01-21 06:08:31,,,20.4967022,,,
2022-01-21 06:11:00,,,,,32.1099548,
2022-01-21 06:22:00,,458.11969,,166.57077,,
2022-01-21 06:26:00,,,,,32.8693008,
2022-01-21 06:37:00,,458.11969,,164.55101,,
2022-01-21 06:41:00,,,,,35.0628357,
2022-01-21 06:52:00,,465.934082,,172.413055,,
2022-01-21 06:56:00,,,,,35.7481422,
2022-01-21 07:07:00,,485.470093,,173.54364,,
2022-01-21 07:11:00,,,,,35.1534843,
2022-01-21 07:22:00,,508.91333,,153.990189,,
2022-01-21 07:26:00,,,,,35.3058243,
2022-01-21 07:37:00,,528.449341,,127.436775,,
2022-01-21 07:38:00,,,21.4974041,,,
2022-01-21 07:41:00,,,,,35.5028381,
2022-01-21 07:44:02,,,22.4981441,,,
2022-01-21 07:52:00,,544.078186,,129.094955,,
2022-01-21 07:54:09,,,,,,1.0
2022-01-21 07:56:00,,,,,35.3653412,
2022-01-21 07:56:07,,,23.4986591,,,
2022-01-21 07:58:02,,,24.5017338,,,
2022-01-21 07:58:26,,,,,,0.0
2022-01-21 08:06:40,,,23.498888,,,
2022-01-21 08:07:00,,552.869385,,128.244812,,
2022-01-21 08:11:00,,,,,35.3048401,
2022-01-21 08:22:00,,569.474976,,131.871017,,
2022-01-21 08:26:00,,,,,35.2058411,
2022-01-21 08:37:00,,573.382202,,129.665894,,
2022-01-21 08:41:00,,,,,35.4478416,
2022-01-21 08:52:00,,581.196594,,129.936279,,
2022-01-21 08:52:16,,,,,,1.0
2022-01-21 08:56:00,,,,,34.9218216,
2022-01-21 08:56:40,,,,,,0.0
2022-01-21 09:07:00,,585.103821,,139.068283,,
2022-01-21 09:11:00,,,,,34.7755089,
2022-01-21 09:22:00,,589.49939,,166.915085,,
2022-01-21 09:26:00,,,,,35.0419502,
2022-01-21 09:30:39,,,,,,1.0
2022-01-21 09:35:31,,,,,,0.0
2022-01-21 09:37:00,,596.825439,,171.085205,,
2022-01-21 09:41:00,,,,,35.3450012,
2022-01-21 09:52:00,,597.802185,,167.241837,,
2022-01-21 09:56:00,,,,,34.6693802,
2022-01-21 10:07:00,,598.290588,,161.738541,,
2022-01-21 10:11:00,,,,,33.8310661,
2022-01-21 10:11:47,,,22.4962616,,,
2022-01-21 10:15:38,,,,,,1.0
2022-01-21 10:20:13,,,,,,0.0
2022-01-21 10:22:00,,600.244202,,180.265182,,
2022-01-21 10:23:47,,,23.4963875,,,
2022-01-21 10:26:00,,,,,34.4152298,
2022-01-21 10:37:00,,610.012207,,159.082962,,
2022-01-21 10:41:00,,,,,35.0562515,
2022-01-21 10:45:19,,,,,,1.0
2022-01-21 10:49:51,,,,,,0.0
2022-01-21 10:52:00,,617.826599,,173.825592,,
2022-01-21 10:54:47,,,22.4891052,,,
2022-01-21 10:56:00,,,,,34.49366,
2022-01-21 11:07:00,,613.919373,,158.882111,,
2022-01-21 11:11:00,,,,,34.1787262,
2022-01-21 11:22:00,,610.50061,,171.751633,,
2022-01-21 11:25:10,,,23.4914188,,,
2022-01-21 11:26:00,,,,,35.4203415,
2022-01-21 11:27:06,,,24.4956074,,,
2022-01-21 11:27:19,,,,,,1.0
2022-01-21 11:32:01,,,,,,0.0
2022-01-21 11:34:52,,,23.4950581,,,
2022-01-21 11:37:00,,610.50061,,161.901962,,
2022-01-21 11:41:00,,,,,34.3212013,
2022-01-21 11:49:42,,,22.4900036,,,
2022-01-21 11:51:06,,,21.4878292,,,
2022-01-21 11:52:00,,610.012207,,173.763962,,
2022-01-21 11:56:00,,,,,34.197464,
2022-01-21 11:57:32,,,22.4945049,,,
2022-01-21 12:07:00,,610.012207,,164.902481,,
2022-01-21 12:08:30,,,23.4962063,,,
2022-01-21 12:10:17,,,,,,1.0
2022-01-21 12:11:00,,,,,35.2564354,
2022-01-21 12:14:52,,,,,,0.0
2022-01-21 12:22:00,,606.10498,,171.176285,,
2022-01-21 12:26:00,,,,,34.8242989,
2022-01-21 12:37:00,,606.10498,,187.222702,,
2022-01-21 12:41:00,,,,,34.344883,
2022-01-21 12:49:13,,,22.4931622,,,
2022-01-21 12:52:00,,594.383362,,203.073151,,
2022-01-21 12:56:00,,,,,34.4663963,
2022-01-21 13:01:14,,,,,,1.0
2022-01-21 13:01:50,,,23.4931717,,,
2022-01-21 13:06:23,,,,,,0.0
2022-01-21 13:07:00,,586.56897,,180.525787,,
2022-01-21 13:11:00,,,,,35.4058914,
2022-01-21 13:22:00,,574.847351,,192.834198,,
2022-01-21 13:26:00,,,,,34.5065002,
2022-01-21 13:32:16,,,22.492878,,,
2022-01-21 13:37:00,,551.404114,,187.384186,,
2022-01-21 13:37:14,,,23.4992714,,,
2022-01-21 13:41:00,,,,,34.1538696,
2022-01-21 13:41:29,,,,,,1.0
2022-01-21 13:45:57,,,,,,0.0
2022-01-21 13:52:00,,539.682556,,192.621124,,
2022-01-21 13:56:00,,,,,34.8785477,
2022-01-21 14:07:00,,527.984009,,185.704041,,
2022-01-21 14:11:00,,,,,35.0573349,
2022-01-21 14:12:55,,,,,,1.0
2022-01-21 14:17:42,,,,,,0.0
2022-01-21 14:22:00,,520.146484,,193.40889,,
2022-01-21 14:26:00,,,,,34.2860756,
2022-01-21 14:26:46,,,22.4950657,,,
2022-01-21 14:37:00,,508.424896,,187.668167,,
2022-01-21 14:41:00,,,,,34.0480614,
2022-01-21 14:47:37,,,23.5036755,,,
2022-01-21 14:52:00,,508.91333,,193.554199,,
2022-01-21 14:55:41,,,,,,1.0
2022-01-21 14:56:00,,,,,35.0681381,
2022-01-21 15:00:20,,,,,,0.0
2022-01-21 15:07:00,,497.191711,,187.147049,,
2022-01-21 15:11:00,,,,,34.7147179,
2022-01-21 15:22:00,,489.377319,,190.970428,,
2022-01-21 15:22:55,,,22.5017853,,,
2022-01-21 15:26:00,,,,,34.2355881,
2022-01-21 15:37:00,,484.981689,,187.026413,,
2022-01-21 15:41:00,,,,,34.0570068,
2022-01-21 15:44:16,,,23.5063477,,,
2022-01-21 15:49:03,,,,,,1.0
2022-01-21 15:52:00,,477.167267,,191.67012,,
2022-01-21 15:53:32,,,,,,0.0
2022-01-21 15:56:00,,,,,35.4808426,
2022-01-21 16:07:00,,473.260071,,187.746231,,
2022-01-21 16:11:00,,,,,34.2603188,
2022-01-21 16:20:04,,,22.4981441,,,
2022-01-21 16:22:00,,469.352875,,192.855164,,
2022-01-21 16:26:00,,,,,34.0031815,
2022-01-21 16:37:00,,477.655701,,187.382965,,
2022-01-21 16:41:00,,,,,34.501545,
2022-01-21 16:45:09,,,23.5036755,,,
2022-01-21 16:49:14,,,24.5073166,,,
2022-01-21 16:52:00,,477.655701,,192.345016,,
2022-01-21 16:55:29,,,,,,1.0
2022-01-21 16:56:00,,,,,35.4148407,
2022-01-21 16:57:57,,,23.5073147,,,
2022-01-21 17:00:16,,,,,,0.0
2022-01-21 17:07:00,,473.748505,,186.990311,,
2022-01-21 17:11:00,,,,,34.3818207,
2022-01-21 17:15:59,,,22.496233,,,
2022-01-21 17:17:14,,,21.4926167,,,
2022-01-21 17:22:00,,469.841278,,193.656631,,
2022-01-21 17:25:29,,,22.4936523,,,
2022-01-21 17:26:00,,,,,33.9922142,
2022-01-21 17:34:35,,,23.4962063,,,
2022-01-21 17:37:00,,462.026886,,187.908249,,
2022-01-21 17:41:00,,,,,34.6570129,
2022-01-21 17:52:00,,453.72406,,192.455902,,
2022-01-21 17:56:00,,,,,34.5591278,
2022-01-21 17:59:41,,,,,,1.0
2022-01-21 18:04:08,,,,,,0.0
2022-01-21 18:05:29,,,22.4886665,,,
2022-01-21 18:07:00,,445.909637,,187.212234,,
2022-01-21 18:11:00,,,,,34.0027199,
2022-01-21 18:22:00,,438.095245,,192.831177,,
2022-01-21 18:26:00,,,,,34.7239876,
2022-01-21 18:28:40,,,23.4914188,,,
2022-01-21 18:37:00,,442.490875,,163.170105,,
2022-01-21 18:41:00,,,,,35.5798416,
2022-01-21 18:52:00,,434.676453,,172.773544,,
2022-01-21 18:56:00,,,,,34.5591278,
2022-01-21 19:04:53,,,,,,1.0
2022-01-21 19:07:00,,430.280823,,163.894135,,
2022-01-21 19:10:31,,,,,,0.0
2022-01-21 19:11:00,,,,,34.3162003,
2022-01-21 19:13:12,,,22.4902782,,,
2022-01-21 19:14:25,,,21.4868698,,,
2022-01-21 19:17:12,,,22.493166,,,
2022-01-21 19:22:00,,430.280823,,163.20195,,
2022-01-21 19:22:17,,,23.4988899,,,
2022-01-21 19:26:00,,,,,35.5028381,
2022-01-21 19:37:00,,430.280823,,197.191483,,
2022-01-21 19:41:00,,,,,34.7709084,
2022-01-21 19:47:34,,,22.4943466,,,
2022-01-21 19:52:00,,428.815643,,200.274429,,
2022-01-21 19:56:00,,,,,34.3118362,
2022-01-21 20:02:15,,,23.5036755,,,
2022-01-21 20:07:00,,440.537262,,186.851028,,
2022-01-21 20:11:00,,,,,35.4951439,
2022-01-21 20:13:48,,,,,,1.0
2022-01-21 20:19:30,,,,,,0.0
2022-01-21 20:22:00,,440.537262,,187.875168,,
2022-01-21 20:26:00,,,,,34.9527702,
2022-01-21 20:37:00,,436.630066,,192.188416,,
2022-01-21 20:41:00,,,,,34.2901878,
2022-01-21 20:42:18,,,22.5031319,,,
2022-01-21 20:52:00,,428.815643,,192.300674,,
2022-01-21 20:56:00,,,,,34.5723152,
2022-01-21 20:58:14,,,23.5036755,,,
2022-01-21 21:07:00,,428.815643,,187.873291,,
2022-01-21 21:11:00,,,,,35.5426331,
2022-01-21 21:22:00,,424.908447,,186.84346,,
2022-01-21 21:25:40,,,,,,1.0
2022-01-21 21:26:00,,,,,34.4799881,
2022-01-21 21:30:23,,,22.4935341,,,
2022-01-21 21:31:16,,,,,,0.0
2022-01-21 21:37:00,,424.908447,,187.890778,,
2022-01-21 21:41:00,,,,,34.1622238,
2022-01-21 21:46:44,,,23.4952488,,,
2022-01-21 21:52:00,,433.992676,,178.122665,,
2022-01-21 21:56:00,,,,,35.8878403,
2022-01-21 22:00:49,,,24.5011463,,,
2022-01-21 22:07:00,,441.025635,,6.94220877,,
2022-01-21 22:11:00,,,,,35.4203415,
2022-01-21 22:21:05,,,23.498888,,,
2022-01-21 22:22:00,,432.72287,,5.5762682,,
2022-01-21 22:26:00,,,,,29.758461,
2022-01-21 22:37:00,,436.630066,,6.29287195,,
2022-01-21 22:41:00,,,,,27.5309734,
2022-01-21 22:41:02,,,22.4981441,,,
2022-01-21 22:52:00,,440.537262,,5.99228144,,
2022-01-21 22:56:00,,,,,26.268589,
2022-01-21 23:01:59,,,21.493803,,,
2022-01-21 23:07:00,,436.630066,,7.86750603,,
2022-01-21 23:11:00,,,,,25.775631,
2022-01-21 23:22:00,,436.630066,,5.33958626,,
2022-01-21 23:26:00,,,,,25.5115395,
2022-01-21 23:37:00,,428.815643,,5.95379734,,
2022-01-21 23:41:00,,,,,25.3416309,
2022-01-21 23:52:00,,417.094055,,5.20835114,,
2022-01-21 23:56:00,,,,,25.3433571,
2022-01-22 00:07:00,,417.094055,,7.28240061,,
2022-01-22 00:11:00,,,,,25.3169689,
2022-01-22 00:22:00,,417.582428,,5.42626143,,
2022-01-22 00:26:00,,,,,25.4957867,
2022-01-22 00:37:00,,417.094055,,5.78600502,,
2022-01-22 00:41:00,,,,,25.8000526,
2022-01-22 00:52:00,,424.908447,,4.8786025,,
2022-01-22 00:57:00,,,,,26.0117569,
2022-01-22 01:07:00,,413.186829,,5.05213356,,
2022-01-22 01:11:00,,,,,26.1693039,
2022-01-22 01:11:43,,,20.4929657,,,
2022-01-22 01:22:00,,413.186829,,6.72676849,,
2022-01-22 01:27:00,,,,,26.203392,
2022-01-22 01:37:00,,416.117249,,5.68370581,,
2022-01-22 01:42:00,,,,,26.3662395,
2022-01-22 01:52:00,,428.815643,,6.19120121,,
2022-01-22 01:57:00,,,,,26.538559,
2022-01-22 02:07:00,,425.39682,,5.31814098,,
2022-01-22 02:12:00,,,,,26.6124115,
2022-01-22 02:22:00,,417.094055,,5.78924561,,
2022-01-22 02:27:00,,,,,26.5631752,
2022-01-22 02:37:00,,413.186829,,6.34293175,,
2022-01-22 02:42:00,,,,,26.4892864,
2022-01-22 02:52:00,,417.094055,,5.99689245,,
2022-01-22 02:57:00,,,,,26.5406151,
2022-01-22 03:07:00,,424.908447,,7.58804512,,
2022-01-22 03:12:00,,,,,26.686264,
2022-01-22 03:22:00,,416.605621,,5.11433649,,
2022-01-22 03:27:00,,,,,26.7404175,
2022-01-22 03:37:00,,413.186829,,6.5964632,,
2022-01-22 03:42:00,,,,,26.7680359,
2022-01-22 03:52:00,,410.744812,,4.27014351,,
2022-01-22 03:57:00,,,,,26.7000484,
2022-01-22 04:07:00,,407.326019,,7.91895437,,
2022-01-22 04:12:00,,,,,26.7108803,
2022-01-22 04:22:00,,411.233246,,5.54760218,,
2022-01-22 04:27:00,,,,,26.8331223,
2022-01-22 04:30:44,,,19.4849739,,,
2022-01-22 04:30:54,,,18.4487381,,,
2022-01-22 04:31:03,,,17.4090061,,,
2022-01-22 04:31:13,,,16.3813801,,,
2022-01-22 04:31:27,,,15.3606339,,,
2022-01-22 04:32:04,,,16.3660164,,,
2022-01-22 04:32:10,,,17.3964157,,,
2022-01-22 04:32:16,,,18.4241123,,,
2022-01-22 04:32:22,,,19.4974289,,,
2022-01-22 04:32:27,,,20.5034122,,,
2022-01-22 04:32:34,,,21.5599518,,,
2022-01-22 04:32:42,,,22.5651894,,,
2022-01-22 04:32:52,,,23.5897846,,,
2022-01-22 04:33:10,,,24.5901642,,,
2022-01-22 04:34:26,,,23.5814476,,,
2022-01-22 04:34:45,,,22.5698185,,,
2022-01-22 04:35:07,,,21.5601444,,,
2022-01-22 04:36:45,,,22.5655346,,,
2022-01-22 04:37:00,,408.791199,,246.797943,,
2022-01-22 04:42:00,,,,,26.7563705,
2022-01-22 04:42:58,,,23.5656929,,,
2022-01-22 04:49:35,,,24.5681896,,,
2022-01-22 04:52:00,,412.698425,,222.550827,,
2022-01-22 04:55:13,,,25.5729103,,,
2022-01-22 04:57:00,,,,,26.7453423,
2022-01-22 05:00:17,,,26.5749969,,,
2022-01-22 05:07:00,,412.698425,,192.25473,,
2022-01-22 05:09:15,,,27.5838623,,,
2022-01-22 05:12:00,,,,,26.6183186,
2022-01-22 05:22:00,,420.512817,,164.64502,,
2022-01-22 05:27:00,,,,,26.6744461,
2022-01-22 05:37:00,,432.234436,,169.134308,,
2022-01-22 05:42:00,,,,,26.4752808,
2022-01-22 05:52:00,,428.32724,,168.655228,,
2022-01-22 05:57:00,,,,,26.3258705,
2022-01-22 06:07:00,,428.32724,,151.560654,,
2022-01-22 06:08:16,,,26.5655212,,,
2022-01-22 06:08:44,,,25.5629768,,,
2022-01-22 06:09:49,,,24.5570889,,,
2022-01-22 06:12:00,,,,,32.6739082,
2022-01-22 06:19:20,,,25.5588036,,,
2022-01-22 06:22:00,,423.931641,,148.839249,,
2022-01-22 06:26:15,,,26.5619564,,,
2022-01-22 06:27:00,,,,,33.8172531,
2022-01-22 06:27:50,,,27.5785007,,,
2022-01-22 06:28:05,,,28.5786114,,,
2022-01-22 06:28:18,,,29.599947,,,
2022-01-22 06:30:31,,,30.6287727,,,
2022-01-22 06:30:46,,,31.6512413,,,
2022-01-22 06:31:34,,,32.6542397,,,
2022-01-22 06:32:17,,,31.6341801,,,
2022-01-22 06:32:30,,,30.6145859,,,
2022-01-22 06:32:44,,,29.591835,,,
2022-01-22 06:32:59,,,28.5738583,,,
2022-01-22 06:33:17,,,27.5524979,,,
2022-01-22 06:33:36,,,26.5334225,,,
2022-01-22 06:33:56,,,25.5216751,,,
2022-01-22 06:34:22,,,24.5065327,,,
2022-01-22 06:34:51,,,23.5062237,,,
2022-01-22 06:35:24,,,22.5004616,,,
2022-01-22 06:35:58,,,21.4894733,,,
2022-01-22 06:37:00,,427.838837,,272.941589,,
2022-01-22 06:37:41,,,20.4870834,,,
2022-01-22 06:42:00,,,,,34.9706497,
2022-01-22 06:52:00,,428.32724,,240.374802,,
2022-01-22 06:56:26,,,,,,1.0
2022-01-22 06:57:00,,,,,35.3928413,
2022-01-22 07:03:37,,,,,,0.0
2022-01-22 07:07:00,,429.79245,,209.277771,,
2022-01-22 07:12:00,,,,,35.0105095,
2022-01-22 07:22:00,,430.280823,,183.410034,,
2022-01-22 07:27:00,,,,,35.9944267,
2022-01-22 07:37:00,,435.164825,,154.133713,,
2022-01-22 07:42:00,,,,,36.2805405,
2022-01-22 07:52:00,,438.583649,,148.731552,,
2022-01-22 07:57:00,,,,,35.3896332,
2022-01-22 08:07:00,,442.002441,,161.065125,,
2022-01-22 08:12:00,,,,,35.4753418,
2022-01-22 08:22:00,,445.909637,,159.669388,,
2022-01-22 08:27:00,,,,,35.3598404,
2022-01-22 08:37:00,,450.79364,,141.289597,,
2022-01-22 08:42:00,,,,,35.3960533,
2022-01-22 08:52:00,,454.700867,,113.743248,,
2022-01-22 08:53:42,,,,,,1.0
2022-01-22 08:57:00,,,,,35.4959641,
2022-01-22 08:59:49,,,,,,0.0
2022-01-22 09:07:00,,458.11969,,138.825668,,
2022-01-22 09:12:00,,,,,35.6128387,
2022-01-22 09:22:00,,458.11969,,125.191025,,
2022-01-22 09:27:00,,,,,34.7147026,
2022-01-22 09:37:00,,458.11969,,127.944298,,
2022-01-22 09:42:00,,,,,34.7004395,
2022-01-22 09:45:48,,,21.4920406,,,
2022-01-22 09:52:00,,462.026886,,157.742722,,
2022-01-22 09:57:00,,,,,35.7338409,
2022-01-22 10:07:00,,462.026886,,187.206619,,
2022-01-22 10:12:00,,,,,34.7873077,
2022-01-22 10:22:00,,465.934082,,160.241608,,
2022-01-22 10:26:47,,,,,,1.0
2022-01-22 10:27:00,,,,,34.4200249,
2022-01-22 10:32:04,,,,,,0.0
2022-01-22 10:37:00,,469.841278,,168.939896,,
2022-01-22 10:42:00,,,,,35.7131615,
2022-01-22 10:52:00,,477.655701,,172.008179,,
2022-01-22 10:57:00,,,,,35.1869164,
2022-01-22 11:07:00,,473.748505,,166.030106,,
2022-01-22 11:12:00,,,,,34.5546951,
2022-01-22 11:22:00,,473.748505,,197.982513,,
2022-01-22 11:27:00,,,,,34.7199554,
2022-01-22 11:34:19,,,,,,1.0
2022-01-22 11:37:00,,469.841278,,194.559082,,
2022-01-22 11:39:32,,,,,,0.0
2022-01-22 11:42:00,,,,,35.8163414,
2022-01-22 11:52:00,,469.841278,,188.278366,,
2022-01-22 11:57:00,,,,,34.5001869,
2022-01-22 12:07:00,,462.026886,,182.341553,,
2022-01-22 12:12:00,,,,,34.2249107,
2022-01-22 12:12:05,,,,,,1.0
2022-01-22 12:18:11,,,,,,0.0
2022-01-22 12:22:00,,458.11969,,187.177017,,
2022-01-22 12:27:00,,,,,35.4632416,
2022-01-22 12:37:00,,454.212463,,171.608063,,
2022-01-22 12:42:00,,,,,35.322403,
2022-01-22 12:52:00,,458.11969,,197.084351,,
2022-01-22 12:57:00,,,,,34.3118362,
2022-01-22 13:07:00,,458.11969,,183.386795,,
2022-01-22 13:12:00,,,,,34.2397079,
2022-01-22 13:19:24,,,,,,1.0
2022-01-22 13:22:00,,454.212463,,187.027191,,
2022-01-22 13:25:11,,,,,,0.0
2022-01-22 13:27:00,,,,,35.5028381,
2022-01-22 13:37:00,,446.398071,,192.016739,,
2022-01-22 13:42:00,,,,,34.2860756,
2022-01-22 13:52:00,,438.583649,,189.587021,,
2022-01-22 13:57:00,,,,,34.2860756,
2022-01-22 14:07:00,,434.676453,,187.843704,,
2022-01-22 14:12:00,,,,,35.7906647,
2022-01-22 14:22:00,,434.647614,,190.038849,,
2022-01-22 14:27:00,,,,,34.7188377,
2022-01-22 14:37:00,,430.769257,,187.129349,,
2022-01-22 14:42:00,,,,,34.1502342,
2022-01-22 14:49:10,,,,,,1.0
2022-01-22 14:52:00,,426.862061,,192.625656,,
2022-01-22 14:54:55,,,,,,0.0
2022-01-22 14:57:00,,,,,35.186039,
2022-01-22 15:07:00,,426.862061,,187.429932,,
2022-01-22 15:12:00,,,,,35.133461,
2022-01-22 15:22:00,,422.466431,,181.538956,,
2022-01-22 15:27:00,,,,,34.2291527,
2022-01-22 15:37:00,,418.559204,,198.151825,,
2022-01-22 15:42:00,,,,,34.4406319,
2022-01-22 15:52:00,,418.559204,,186.882797,,
2022-01-22 15:57:00,,,,,35.5142784,
2022-01-22 16:07:00,,418.559204,,190.966934,,
2022-01-22 16:07:40,,,20.4907246,,,
2022-01-22 16:12:00,,,,,34.5287323,
2022-01-22 16:18:13,,,,,,1.0
2022-01-22 16:22:00,,414.652008,,182.218048,,
2022-01-22 16:23:18,,,,,,0.0
2022-01-22 16:27:00,,,,,33.9906082,
2022-01-22 16:37:00,,414.652008,,192.281387,,
2022-01-22 16:42:00,,,,,35.361042,
2022-01-22 16:52:00,,414.652008,,183.261246,,
2022-01-22 16:57:00,,,,,35.1721649,
2022-01-22 17:07:00,,414.652008,,189.21994,,
2022-01-22 17:12:00,,,,,34.2139473,
2022-01-22 17:22:00,,411.233246,,159.263519,,
2022-01-22 17:27:00,,,,,34.7858124,
2022-01-22 17:33:16,,,21.4926167,,,
2022-01-22 17:37:00,,411.233246,,185.457748,,
2022-01-22 17:42:00,,,,,35.4036217,
2022-01-22 17:52:00,,411.233246,,164.10257,,
2022-01-22 17:57:00,,,,,35.065258,
2022-01-22 18:07:00,,411.233246,,177.799072,,
2022-01-22 18:12:00,,,,,34.9300652,
2022-01-22 18:18:38,,,,,,1.0
2022-01-22 18:22:00,,411.233246,,162.688202,,
2022-01-22 18:23:36,,,,,,0.0
2022-01-22 18:27:00,,,,,35.1362877,
2022-01-22 18:37:00,,412.210022,,166.705276,,
2022-01-22 18:42:00,,,,,35.337841,
2022-01-22 18:52:00,,412.698425,,186.559448,,
2022-01-22 18:57:00,,,,,35.5028381,
2022-01-22 19:07:00,,420.512817,,151.939484,,
2022-01-22 19:12:00,,,,,35.3428993,
2022-01-22 19:22:00,,424.420013,,135.060333,,
2022-01-22 19:27:00,,,,,35.2331314,
2022-01-22 19:37:00,,432.72287,,128.548248,,
2022-01-22 19:42:00,,,,,35.0161858,
2022-01-22 19:52:00,,436.630066,,129.440079,,
2022-01-22 19:57:00,,,,,35.337841,
2022-01-22 20:07:00,,440.537262,,130.109055,,
2022-01-22 20:12:00,,,,,35.6658478,
2022-01-22 20:13:56,,,,,,1.0
2022-01-22 20:18:31,,,,,,0.0
2022-01-22 20:22:00,,444.444458,,130.168045,,
2022-01-22 20:27:00,,,,,35.4587173,
2022-01-22 20:37:00,,444.444458,,7.5451169,,
2022-01-22 20:42:00,,,,,35.4490051,
2022-01-22 20:52:00,,448.351685,,4.95823288,,
2022-01-22 20:57:00,,,,,34.6415558,
2022-01-22 21:07:00,,452.258881,,7.40952444,,
2022-01-22 21:12:00,,,,,34.9455185,
2022-01-22 21:22:00,,452.258881,,5.50880957,,
2022-01-22 21:27:00,,,,,35.7759476,
2022-01-22 21:37:00,,452.258881,,6.05104494,,
2022-01-22 21:39:12,,,,,,1.0
2022-01-22 21:42:00,,,,,35.0112686,
2022-01-22 21:44:56,,,,,,0.0
2022-01-22 21:52:00,,456.166077,,5.79467678,,
2022-01-22 21:57:00,,,,,34.4531937,
2022-01-22 22:07:00,,463.980499,,5.68044949,,
2022-01-22 22:12:00,,,,,34.0062256,
2022-01-22 22:22:00,,467.887695,,5.93463516,,
2022-01-22 22:27:00,,,,,29.0631065,
2022-01-22 22:37:00,,467.887695,,6.73485947,,
2022-01-22 22:42:00,,,,,26.8238659,
2022-01-22 22:52:00,,475.702087,,6.95189619,,
2022-01-22 22:57:00,,,,,25.6523495,
2022-01-22 23:07:00,,475.702087,,5.26924562,,
2022-01-22 23:12:00,,,,,25.0461407,
2022-01-22 23:13:32,,,20.4870834,,,
2022-01-22 23:22:00,,480.097687,,5.51079607,,
2022-01-22 23:27:00,,,,,24.8002758,
2022-01-22 23:37:00,,475.702087,,6.41071796,,
2022-01-22 23:42:00,,,,,24.7284012,
2022-01-22 23:52:00,,475.702087,,5.23703194,,
2022-01-22 23:57:00,,,,,24.8966885,
2022-01-22 23:59:59,665.0,,,,,
2022-01-23 00:07:00,,475.702087,,4.90875626,,
2022-01-23 00:12:00,,,,,24.7515297,
2022-01-23 00:22:00,,482.05127,,5.81988287,,
2022-01-23 00:27:00,,,,,24.6613102,
2022-01-23 00:37:00,,489.865692,,6.36076927,,
2022-01-23 00:42:00,,,,,24.7322083,
2022-01-23 00:52:00,,485.470093,,5.04066324,,
2022-01-23 00:57:00,,,,,25.1304703,
2022-01-23 01:07:00,,489.377319,,6.75987482,,
2022-01-23 01:12:00,,,,,25.4197922,
2022-01-23 01:22:00,,494.749695,,6.00875616,,
2022-01-23 01:27:00,,,,,25.7754326,
2022-01-23 01:37:00,,499.633698,,5.35230446,,
2022-01-23 01:42:00,,,,,25.8855057,
2022-01-23 01:52:00,,495.238129,,4.72115088,,
2022-01-23 01:57:00,,,,,25.9723682,
2022-01-23 02:07:00,,499.145325,,6.96208668,,
2022-01-23 02:12:00,,,,,24.6057434,
2022-01-23 02:22:00,,499.145325,,4.41111279,,
2022-01-23 02:27:00,,,,,24.6274529,
2022-01-23 02:37:00,,499.145325,,7.16432953,,
2022-01-23 02:42:00,,,,,24.36306,
2022-01-23 02:52:00,,499.145325,,5.13254786,,
2022-01-23 02:57:00,,,,,24.0190849,
2022-01-23 03:07:00,,503.540894,,5.1396327,,
2022-01-23 03:12:00,,,,,23.6784935,
2022-01-23 03:22:00,,499.633698,,5.39995193,,
2022-01-23 03:27:00,,,,,23.4545193,
2022-01-23 03:37:00,,499.633698,,6.34654617,,
2022-01-23 03:42:00,,,,,23.4266376,
2022-01-23 03:52:00,,495.238129,,6.55379152,,
2022-01-23 03:57:00,,,,,23.1848354,
2022-01-23 04:07:00,,506.959717,,5.98255253,,
2022-01-23 04:12:00,,,,,23.0891819,
2022-01-23 04:22:00,,498.656891,,4.76534081,,
2022-01-23 04:27:00,,,,,23.1180229,
2022-01-23 04:30:42,,,19.4744091,,,
2022-01-23 04:30:54,,,18.4337673,,,
2022-01-23 04:31:01,,,17.4073906,,,
2022-01-23 04:31:08,,,16.3986225,,,
2022-01-23 04:31:17,,,15.3746605,,,
2022-01-23 04:31:27,,,14.357585,,,
2022-01-23 04:31:43,,,13.3573074,,,
2022-01-23 04:32:32,,,14.3612261,,,
2022-01-23 04:32:38,,,15.389225,,,
2022-01-23 04:32:43,,,16.4367752,,,
2022-01-23 04:32:48,,,17.4479084,,,
2022-01-23 04:32:52,,,18.4511948,,,
2022-01-23 04:32:58,,,19.4829693,,,
2022-01-23 04:33:04,,,20.5165272,,,
2022-01-23 04:33:10,,,21.5236149,,,
2022-01-23 04:33:18,,,22.5366077,,,
2022-01-23 04:33:27,,,23.5538406,,,
2022-01-23 04:34:58,,,22.549799,,,
2022-01-23 04:35:15,,,21.5312462,,,
2022-01-23 04:35:35,,,20.5238628,,,
2022-01-23 04:36:40,,,21.5358601,,,
2022-01-23 04:37:00,,495.238129,,261.09729,,
2022-01-23 04:37:02,,,22.54109,,,
2022-01-23 04:42:00,,,,,22.9113178,
2022-01-23 04:45:07,,,23.54175,,,
2022-01-23 04:52:00,,491.330902,,243.153961,,
2022-01-23 04:52:10,,,24.5417652,,,
2022-01-23 04:57:00,,,,,22.8227348,
2022-01-23 04:58:19,,,25.5439243,,,
2022-01-23 05:03:49,,,26.5474205,,,
2022-01-23 05:07:00,,483.51651,,213.698669,,
2022-01-23 05:10:17,,,27.5480537,,,
2022-01-23 05:12:00,,,,,22.9244213,
2022-01-23 05:22:00,,475.213684,,180.48349,,
2022-01-23 05:27:00,,,,,22.8488255,
2022-01-23 05:37:00,,471.306458,,154.745544,,
2022-01-23 05:42:00,,,,,22.7584438,
2022-01-23 05:52:00,,467.887695,,158.281662,,
2022-01-23 05:57:00,,,,,22.7330322,
2022-01-23 06:07:00,,471.306458,,166.227142,,
2022-01-23 06:12:00,,,,,36.2475395,
2022-01-23 06:22:00,,471.306458,,170.95845,,
2022-01-23 06:27:00,,,,,34.6795654,
2022-01-23 06:30:23,,,28.5576038,,,
2022-01-23 06:30:35,,,29.58008,,,
2022-01-23 06:30:54,,,30.5892715,,,
2022-01-23 06:31:40,,,31.5962372,,,
2022-01-23 06:32:11,,,30.5950317,,,
2022-01-23 06:32:25,,,29.5950546,,,
2022-01-23 06:32:39,,,28.5795746,,,
2022-01-23 06:32:54,,,27.5611439,,,
2022-01-23 06:33:11,,,26.5544682,,,
2022-01-23 06:33:31,,,25.5491734,,,
2022-01-23 06:33:56,,,24.5416489,,,
2022-01-23 06:34:22,,,23.5382156,,,
2022-01-23 06:34:58,,,22.5351734,,,
2022-01-23 06:35:57,,,21.5318794,,,
2022-01-23 06:37:00,,463.492065,,261.3797,,
2022-01-23 06:38:01,,,20.5301819,,,
2022-01-23 06:42:00,,,,,34.9945679,
2022-01-23 06:52:00,,459.59668,,219.924713,,
2022-01-23 06:57:00,,,,,36.0171928,
2022-01-23 07:07:00,,460.073273,,184.317139,,
2022-01-23 07:11:33,,,21.5306892,,,
2022-01-23 07:12:00,,,,,34.9680252,
2022-01-23 07:19:49,,,,,,1.0
2022-01-23 07:22:00,,460.073273,,162.026855,,
2022-01-23 07:26:31,,,,,,0.0
2022-01-23 07:27:00,,,,,33.8659935,
2022-01-23 07:27:32,,,22.5354958,,,
2022-01-23 07:32:52,,,21.5350952,,,
2022-01-23 07:37:00,,460.073273,,132.285034,,
2022-01-23 07:42:00,,,,,35.1094971,
2022-01-23 07:45:56,,,22.5362225,,,
2022-01-23 07:52:00,,455.677643,,131.991425,,
2022-01-23 07:53:31,,,23.5371933,,,
2022-01-23 07:57:00,,,,,35.6111298,
2022-01-23 08:07:00,,448.351685,,131.872116,,
2022-01-23 08:12:00,,,,,36.3208389,
2022-01-23 08:22:00,,444.444458,,131.683533,,
2022-01-23 08:27:00,,,,,37.400341,
2022-01-23 08:37:00,,444.444458,,132.394623,,
2022-01-23 08:37:19,,,24.5394363,,,
2022-01-23 08:42:00,,,,,38.8815994,
2022-01-23 08:52:00,,444.434998,,130.532684,,
2022-01-23 08:56:06,,,25.542244,,,
2022-01-23 08:57:00,,,,,37.6482468,
2022-01-23 09:02:23,,,24.538166,,,
2022-01-23 09:06:12,,,23.5290184,,,
2022-01-23 09:06:49,,,22.5253239,,,
2022-01-23 09:07:00,,444.444458,,132.650055,,
2022-01-23 09:08:59,,,21.5248146,,,
2022-01-23 09:11:48,,,22.5261803,,,
2022-01-23 09:12:00,,,,,35.4463882,
2022-01-23 09:22:00,,440.048828,,131.817001,,
2022-01-23 09:23:24,,,23.5264626,,,
2022-01-23 09:27:00,,,,,35.8482399,
2022-01-23 09:28:46,,,24.5282707,,,
2022-01-23 09:37:00,,440.048828,,132.281097,,
2022-01-23 09:40:38,,,25.532526,,,
2022-01-23 09:42:00,,,,,36.9218407,
2022-01-23 09:47:34,,,24.5318813,,,
2022-01-23 09:52:00,,443.956055,,133.351257,,
2022-01-23 09:57:00,,,,,36.4653435,
2022-01-23 10:07:00,,443.956055,,130.327179,,
2022-01-23 10:12:00,,,,,36.3223381,
2022-01-23 10:22:00,,443.956055,,129.694138,,
2022-01-23 10:27:00,,,,,35.9978409,
2022-01-23 10:37:00,,443.956055,,130.848969,,
2022-01-23 10:42:00,,,,,36.3666039,
2022-01-23 10:52:00,,443.956055,,130.489471,,
2022-01-23 10:57:00,,,,,37.3190155,
2022-01-23 11:07:00,,443.956055,,133.804413,,
2022-01-23 11:12:00,,,,,36.2948418,
2022-01-23 11:22:00,,443.956055,,135.231964,,
2022-01-23 11:27:00,,,,,35.4203415,
2022-01-23 11:33:08,,,23.531435,,,
2022-01-23 11:33:53,,,22.5306263,,,
2022-01-23 11:37:00,,443.956055,,132.414551,,
2022-01-23 11:37:52,,,23.5337658,,,
2022-01-23 11:41:41,,,24.5354977,,,
2022-01-23 11:42:00,,,,,36.4378395,
2022-01-23 11:52:00,,443.956055,,130.376999,,
2022-01-23 11:57:00,,,,,36.9373741,
2022-01-23 12:04:53,,,,,,1.0
2022-01-23 12:07:00,,447.863251,,134.845627,,
2022-01-23 12:09:52,,,,,,0.0
2022-01-23 12:12:00,,,,,36.7843399,
2022-01-23 12:22:00,,447.863251,,135.527298,,
2022-01-23 12:27:00,,,,,35.337841,
2022-01-23 12:37:00,,448.351685,,144.192566,,
2022-01-23 12:42:00,,,,,36.4928398,
2022-01-23 12:52:00,,444.444458,,146.740814,,
2022-01-23 12:57:00,,,,,36.8630981,
2022-01-23 13:07:00,,440.048828,,148.574188,,
2022-01-23 13:12:00,,,,,36.7403412,
2022-01-23 13:22:00,,439.072052,,152.215469,,
2022-01-23 13:27:00,,,,,36.5039024,
2022-01-23 13:37:00,,439.072052,,153.325211,,
2022-01-23 13:42:00,,,,,36.3982391,
2022-01-23 13:52:00,,439.072052,,152.578918,,
2022-01-23 13:57:00,,,,,36.6028404,
2022-01-23 14:07:00,,434.676453,,151.710587,,
2022-01-23 14:12:00,,,,,36.4624786,
2022-01-23 14:22:00,,434.676453,,152.55101,,
2022-01-23 14:27:00,,,,,36.1628418,
2022-01-23 14:30:51,,,23.5282269,,,
2022-01-23 14:37:00,,435.164825,,142.24617,,
2022-01-23 14:38:31,,,24.5315914,,,
2022-01-23 14:42:00,,,,,35.9012604,
2022-01-23 14:45:57,,,23.5306549,,,
2022-01-23 14:46:58,,,22.5289745,,,
2022-01-23 14:50:25,,,23.5325966,,,
2022-01-23 14:52:00,,435.164825,,136.642944,,
2022-01-23 14:57:00,,,,,36.0987053,
2022-01-23 15:00:14,,,24.5331478,,,
2022-01-23 15:02:08,,,,,,1.0
2022-01-23 15:07:00,,435.164825,,139.200439,,
2022-01-23 15:07:55,,,,,,0.0
2022-01-23 15:12:00,,,,,36.4103432,
2022-01-23 15:22:00,,434.664642,,142.469055,,
2022-01-23 15:27:00,,,,,36.1230392,
2022-01-23 15:37:00,,430.769257,,128.205826,,
2022-01-23 15:42:00,,,,,35.8441925,
2022-01-23 15:52:00,,426.862061,,134.515945,,
2022-01-23 15:57:00,,,,,36.0693398,
2022-01-23 16:07:00,,426.862061,,197.074081,,
2022-01-23 16:12:00,,,,,36.3663406,
2022-01-23 16:22:00,,422.954834,,168.182419,,
2022-01-23 16:27:00,,,,,36.4320221,
2022-01-23 16:37:00,,419.047638,,179.850616,,
2022-01-23 16:42:00,,,,,36.1790771,
2022-01-23 16:52:00,,415.140442,,162.354919,,
2022-01-23 16:57:00,,,,,35.9703407,
2022-01-23 17:07:00,,411.233246,,176.43634,,
2022-01-23 17:12:00,,,,,36.2178383,
2022-01-23 17:22:00,,410.744812,,162.415207,,
2022-01-23 17:27:00,,,,,36.7296753,
2022-01-23 17:37:00,,407.00943,,179.090103,,
2022-01-23 17:42:00,,,,,36.3333397,
2022-01-23 17:52:00,,406.837616,,172.167282,,
2022-01-23 17:57:00,,,,,36.1547356,
2022-01-23 18:07:00,,406.749664,,169.299072,,
2022-01-23 18:12:00,,,,,35.3522758,
2022-01-23 18:19:16,,,,,,1.0
2022-01-23 18:22:00,,402.930389,,173.285309,,
2022-01-23 18:25:22,,,,,,0.0
2022-01-23 18:27:00,,,,,36.5361824,
2022-01-23 18:37:00,,406.837616,,167.906509,,
2022-01-23 18:42:00,,,,,36.3278389,
2022-01-23 18:52:00,,406.837616,,171.343872,,
2022-01-23 18:57:00,,,,,36.2889023,
2022-01-23 19:07:00,,410.744812,,165.145828,,
2022-01-23 19:12:00,,,,,35.8130379,
2022-01-23 19:22:00,,410.744812,,180.340073,,
2022-01-23 19:27:00,,,,,36.2831802,
2022-01-23 19:37:00,,406.837616,,158.364594,,
2022-01-23 19:42:00,,,,,36.5140648,
2022-01-23 19:52:00,,410.744812,,187.221619,,
2022-01-23 19:57:00,,,,,36.38834,
2022-01-23 20:07:00,,410.744812,,162.355698,,
2022-01-23 20:12:00,,,,,35.5730934,
2022-01-23 20:22:00,,411.233246,,173.151215,,
2022-01-23 20:27:00,,,,,35.8813438,
2022-01-23 20:30:46,,,25.5443821,,,
2022-01-23 20:33:46,,,,,,1.0
2022-01-23 20:37:00,,410.744812,,6.41947556,,
2022-01-23 20:37:43,,,,,,0.0
2022-01-23 20:39:11,,,24.5430603,,,
2022-01-23 20:42:00,,,,,36.0080452,
2022-01-23 20:46:02,,,23.5381489,,,
2022-01-23 20:52:00,,410.744812,,5.82258081,,
2022-01-23 20:57:00,,,,,34.8630905,
2022-01-23 20:59:46,,,22.5379963,,,
2022-01-23 21:07:00,,410.744812,,6.31738186,,
2022-01-23 21:12:00,,,,,34.0680542,
2022-01-23 21:22:00,,410.744812,,5.96157122,,
2022-01-23 21:27:00,,,,,34.6209488,
2022-01-23 21:27:07,,,21.5375175,,,
2022-01-23 21:37:00,,410.744812,,5.37605667,,
2022-01-23 21:42:00,,,,,35.4060402,
2022-01-23 21:52:00,,410.744812,,6.54015017,,
2022-01-23 21:57:00,,,,,34.6724701,
2022-01-23 22:07:00,,422.466431,,6.01657152,,
2022-01-23 22:12:00,,,,,34.5276756,
2022-01-23 22:22:00,,430.280823,,7.24635458,,
2022-01-23 22:27:00,,,,,29.7141476,
2022-01-23 22:37:00,,426.373627,,5.37877464,,
2022-01-23 22:42:00,,,,,27.621706,
2022-01-23 22:52:00,,426.373627,,4.75988579,,
2022-01-23 22:57:00,,,,,26.3229561,
2022-01-23 23:07:00,,426.373627,,7.54969406,,
2022-01-23 23:12:00,,,,,25.5954342,
2022-01-23 23:22:00,,438.095245,,6.27707338,,
2022-01-23 23:27:00,,,,,25.2839298,
2022-01-23 23:37:00,,442.002441,,7.27010202,,
2022-01-23 23:42:00,,,,,25.3237896,
2022-01-23 23:52:00,,438.095245,,4.95609331,,
2022-01-23 23:57:00,,,,,25.6169014,
